season,abv,per_mean,per_wmean,ts_percent_mean,ts_percent_wmean,obpm_mean,obpm_wmean,dbpm_mean,dbpm_wmean,usg_percent_mean,usg_percent_wmean,a2t_perc_mean,a2t_perc_wmean,role_mp_total,role_gs_total,role_count,made_playoffs
2000,ATL,12.7,13.11550741163056,0.4875,0.4920885594830863,-1.85,-1.5368110984416572,-1.075,-0.9557962751805398,19.424999999999997,19.236259977194983,1.155,1.3129456480425692,5262.0,55.0,4,False
2000,BOS,13.76,13.279570066267983,0.534,0.5282398577662842,-0.76,-0.946953289154679,-0.8,-0.6796832067237755,17.2,16.823985776628415,1.3059999999999998,1.3431566187166641,6187.0,45.0,5,False
2000,CHH,14.275,14.778239608801956,0.5175,0.523366748166259,-1.2,-0.9425672371638143,0.175,0.35958435207823963,18.325,18.645721271393644,1.3900000000000001,1.4621442542787286,4090.0,14.0,4,True
2000,CHI,9.9,9.800280786201363,0.472,0.47020657841957475,-2.64,-2.63014440433213,-0.58,-0.6640994785399118,19.16,19.081468110709988,1.294,1.3118692338547935,4986.0,50.0,5,False
2000,CLE,12.080000000000002,12.687269701652205,0.518,0.5219743254487104,-1.16,-0.7284559610127184,-0.1,-0.07576369903720434,16.96,17.162094377748723,1.546,1.6890407702365386,8413.0,115.0,5,False
2000,DAL,13.625,14.02024936868687,0.5575,0.5580066287878788,-0.2000000000000001,0.10078914141414133,-1.1500000000000001,-1.4362215909090912,17.224999999999998,18.132070707070707,1.705,1.666802398989899,6336.0,68.0,4,False
2000,DEN,15.0,14.749567139436362,0.5525,0.5551059126911033,-0.25,-0.2180696260821514,-0.04999999999999998,-0.044483330263400234,19.200000000000003,18.42514275188801,1.245,1.263370786516854,5429.0,37.0,4,False
2000,DET,13.25,13.864907083221114,0.575,0.5769835712361971,-0.7500000000000001,-0.4260166980877998,-0.65,-0.6301642876380286,14.3,14.300000000000002,0.9199999999999999,0.880328575276057,3713.0,4.0,2,True
2000,GSW,14.3,14.022058823529411,0.51,0.5040441176470588,-0.8999999999999999,-0.9595588235294118,-0.2,-0.2595588235294118,19.049999999999997,19.27830882352941,1.37,1.461323529411765,2992.0,20.0,2,False
2000,HOU,14.328571428571427,14.181049622217685,0.5299999999999999,0.5295854604860118,-0.2285714285714285,-0.3906269144374106,-0.42857142857142855,-0.4829793751276292,18.357142857142858,18.92174800898509,1.5214285714285716,1.2930886256891976,9794.0,116.0,7,False
2000,IND,13.459999999999999,14.258976660682226,0.544,0.5508049072411729,-0.6799999999999999,-0.21159485338120881,0.6,0.40671753441053254,17.52,18.371289646918015,1.344,1.3436400359066427,6684.0,14.0,5,True
2000,LAC,12.466666666666667,12.622955974842768,0.5166666666666667,0.5217987421383647,-1.5999999999999999,-1.0784591194968554,-0.4666666666666666,-0.975440251572327,16.0,16.362044025157232,1.15,1.2010094339622641,3180.0,47.0,3,False
2000,LAL,11.624999999999998,11.63486312399356,0.48,0.48155555555555557,-1.625,-1.6307729468599035,1.6,1.6533011272141707,15.274999999999999,15.194927536231884,2.1624999999999996,2.157785829307568,6210.0,25.0,4,True
2000,MIA,13.05,13.222392260334214,0.515,0.509410729991205,-1.65,-1.415250659630607,0.27499999999999997,0.31906772207563766,19.375,19.240633245382586,1.3325,1.478934036939314,5685.0,46.0,4,True
2000,MIL,11.375,12.2282842084716,0.505,0.5132890884247511,-1.75,-1.2277376537185243,-0.525,-0.6361897325785673,15.8,17.063068514542262,1.595,1.5607163771227797,5123.0,8.0,4,True
2000,MIN,13.200000000000001,13.370161137440759,0.5166666666666667,0.5176739336492892,-1.1666666666666667,-1.1119052132701421,-0.3666666666666667,-0.37859715639810426,18.366666666666664,18.580834123222747,1.8533333333333335,1.7817175355450237,5275.0,55.0,3,True
2000,NJN,13.35,13.225591240875913,0.5175,0.5156277372262773,-0.42500000000000004,-0.498029197080292,-0.44999999999999996,-0.6170656934306569,15.875,15.501065693430657,1.6175000000000002,1.5240481751824817,6850.0,46.0,4,False
2000,NYK,13.733333333333334,13.596958028494418,0.52,0.5208952637658838,-1.2666666666666666,-1.3174624566807855,1.2666666666666666,1.2587793608009241,16.700000000000003,16.629091259145167,1.3699999999999999,1.3529226030034656,5194.0,34.0,3,True
2000,ORL,14.149999999999999,13.998347701149426,0.5183333333333334,0.5178532088122605,-1.0666666666666667,-1.0193127394636015,-0.5166666666666667,-0.5553041187739464,22.400000000000002,22.217768199233717,0.94,0.9961326628352491,8352.0,58.0,6,False
2000,PHI,13.440000000000001,13.442054419578167,0.488,0.48923039768153276,-1.02,-1.1175334084688455,0.6200000000000001,0.7255836419256159,21.139999999999997,20.743229753662852,1.2579999999999998,1.32030912896474,6211.0,54.0,5,True
2000,PHO,13.8,14.675948406676785,0.5475,0.5548084218512898,-0.525,-0.028888467374810354,1.2999999999999998,1.2946130500758726,18.5,19.308896054628224,1.2125,1.163002655538695,5272.0,36.0,4,True
2000,POR,14.7,14.547523709167546,0.5425,0.542718651211802,-0.07500000000000001,-0.038672286617492106,0.7,0.7015103617843345,19.2,18.812785388127853,1.5675,1.6462838075166843,5694.0,23.0,4,True
2000,SAC,13.975000000000001,14.588147729413983,0.545,0.5546938006406633,-0.42499999999999993,-0.012662521198417237,0.875,0.7622573958922177,15.524999999999999,16.121631807047297,1.485,1.404936875824383,5307.0,22.0,4,True
2000,SAS,12.940000000000001,12.887230769230769,0.518,0.5201706293706295,-0.9600000000000002,-0.8610349650349651,1.24,1.1953426573426575,17.16,17.14088111888112,1.7719999999999998,1.7722223776223778,7150.0,42.0,5,True
2000,SEA,14.55,14.995670826833074,0.5,0.5091419656786271,-0.10000000000000003,0.0828393135725429,-0.65,-0.5014430577223089,23.35,22.49294071762871,1.175,1.1121489859594385,2564.0,8.0,2,True
2000,TOR,14.3,15.155248691099475,0.508,0.5068939790575916,-0.020000000000000018,0.036374345549738174,-0.66,-0.4310732984293194,19.18,19.444267015706806,2.382,2.3537748691099476,7640.0,61.0,5,True
2000,UTA,13.0,12.652319357716324,0.5,0.5007448706512043,-1.5666666666666664,-1.4911685994647634,-0.06666666666666665,0.1309991079393398,18.2,17.29161462979483,1.1833333333333333,1.4236351471900088,4484.0,8.0,3,True
2000,VAN,9.9,9.99739507959479,0.5,0.5061613603473227,-2.1666666666666665,-1.8460926193921854,-0.4666666666666666,-0.5289073806078148,13.466666666666667,13.442908827785816,1.6766666666666667,1.65260492040521,2764.0,1.0,3,False
2000,WAS,13.766666666666666,14.013265187594378,0.5283333333333332,0.5325519804855383,-0.28333333333333327,-0.02589150888604944,-0.6500000000000001,-0.6877918457428274,19.099999999999998,19.255093506795216,1.2583333333333333,1.289693344174701,8609.0,86.0,6,False
2001,ATL,10.5,10.259899555727257,0.492,0.49008692292833683,-1.92,-2.062661773227738,-0.040000000000000015,-0.07911918099285302,17.1,16.92796986671818,1.268,1.2905196059493915,5177.0,78.0,5,False
2001,BOS,11.700000000000001,11.66014205138918,0.5233333333333333,0.5185982870273658,-2.033333333333333,-2.0616879047420094,-0.9,-0.973281804888239,16.099999999999998,16.20461667014832,1.3466666666666667,1.2582160016711927,4787.0,24.0,3,False
2001,CHH,15.85,16.41364118895966,0.515,0.5273726114649682,0.44999999999999996,0.7111995753715499,0.35,0.5837048832271763,20.8,20.250106157112526,1.21,1.2897346072186837,1884.0,9.0,2,True
2001,CHI,10.42,10.461300492610837,0.472,0.47051822660098525,-2.44,-2.6464433497536946,-1.6199999999999999,-1.6910935960591136,17.56,18.633733990147782,1.7080000000000002,1.5208748768472908,5075.0,59.0,5,False
2001,CLE,11.4,12.102273121638035,0.488,0.49411417664410895,-2.4,-2.134704147145584,-0.4,-0.39505465903175424,18.840000000000003,19.60614263404477,1.228,1.092845740065938,5763.0,28.0,5,False
2001,DAL,12.274999999999999,12.630224339274738,0.53,0.5307267977873387,-0.9500000000000001,-0.8581899200983406,0.8,0.9642747387830363,14.4,14.578288260602335,1.6,1.7022341733251383,6508.0,91.0,4,True
2001,DEN,13.200000000000001,13.340330838912957,0.4775,0.48325324931075225,-1.7999999999999998,-1.3408034659314692,-0.675,-0.7440921622686097,19.799999999999997,19.864159117762895,1.51,1.765689247735329,5078.0,35.0,4,False
2001,DET,12.174999999999999,11.954310344827585,0.47250000000000003,0.4752408722109534,-1.975,-2.125633874239351,0.024999999999999967,-0.09181034482758618,18.025,18.48826064908722,1.335,1.386848377281947,3944.0,24.0,4,False
2001,GSW,12.350000000000001,11.88371322005802,0.44499999999999995,0.43902196435971813,-2.0,-2.1434728553667632,-1.3,-1.1804392871943639,16.950000000000003,17.344550352258604,1.6800000000000002,1.8593410692084542,2413.0,11.0,2,False
2001,HOU,13.2,13.207094746295466,0.554,0.5429621314174524,-0.040000000000000015,-0.039844334680437,-0.15999999999999998,-0.22670258943271965,15.680000000000001,16.317452477174076,1.7080000000000002,1.706912138901362,6681.0,76.0,5,False
2001,IND,12.4,13.12133460894523,0.49800000000000005,0.5010344415211672,-1.6,-1.2088854341066728,0.36,0.19709399665151878,16.62,17.962987323606793,1.526,1.7496603683329346,8362.0,111.0,5,True
2001,LAC,14.683333333333332,14.640637775960752,0.5283333333333333,0.5304865085854457,-0.06666666666666665,-0.0651573998364677,-0.3833333333333333,-0.2951553556827474,19.933333333333334,19.613205233033526,1.1199999999999999,1.0889073998364678,9784.0,99.0,6,False
2001,LAL,11.225,11.173763008946503,0.51,0.5012853752054044,-0.9500000000000001,-1.012780719371919,-0.6,-0.38605075771407704,15.950000000000001,15.6015154281541,1.8925,1.943173270038342,5477.0,35.0,4,True
2001,MIA,10.633333333333333,10.696710374971245,0.47,0.46824706694271917,-2.3666666666666667,-2.409845870715436,1.1333333333333333,1.1034736599953991,15.066666666666668,15.358638141246837,1.87,1.8720910973084885,4347.0,26.0,3,True
2001,MIL,14.059999999999999,14.099715941370297,0.532,0.5334371094193843,-0.25999999999999995,-0.06052721281672535,-0.18,-0.1306101579365981,16.0,16.086069764799454,1.394,1.4811669128508127,8801.0,104.0,5,True
2001,MIN,15.05,15.090155163188872,0.53,0.5295773140716961,-0.25,-0.2774745853397539,-0.6,-0.5873194221508828,19.55,19.55211342964152,1.6400000000000001,1.6066078116639917,3738.0,38.0,2,True
2001,NJN,12.666666666666666,13.276364300054754,0.5166666666666667,0.5237561598831904,-1.5999999999999999,-1.4274137616353348,-0.9333333333333332,-0.8188173024274503,18.766666666666666,18.867092535134148,1.2066666666666668,1.0674685161525825,5479.0,49.0,3,False
2001,NYK,13.15,13.754924120116241,0.5575,0.5501453019050694,-1.55,-0.871456247981918,1.1,0.9200193735873426,17.225,17.87349047465289,1.115,1.0969195996125283,6194.0,64.0,4,True
2001,ORL,9.566666666666668,9.529571154256454,0.47000000000000003,0.47087902709622365,-3.5666666666666664,-3.5549818647322384,-0.9,-0.9637721356944741,20.099999999999998,20.17175165350971,0.7933333333333333,0.7799487945380841,4687.0,58.0,3,True
2001,PHI,13.325,14.120688181235309,0.5,0.5216584740329131,-1.0,-0.40213720880530024,0.425,0.8100662534729643,18.875,18.739987176747167,1.72,1.8079033981620005,4679.0,46.0,4,True
2001,PHO,13.033333333333333,13.391811722912966,0.48,0.4874618117229129,-1.5,-1.1940674955595028,0.8000000000000002,0.7505683836589697,21.066666666666666,21.660035523978685,1.3133333333333335,1.356968028419183,5630.0,16.0,3,True
2001,POR,13.200000000000001,14.000956937799044,0.5233333333333333,0.543293114208446,-1.4666666666666668,-0.5586852506760972,0.1666666666666667,-0.13374245891408365,19.366666666666664,19.355252756396922,1.4466666666666665,1.4862388183898483,4807.0,62.0,3,True
2001,SAC,13.05,13.225912605646467,0.5225,0.5202643409458729,-1.125,-1.1793202661391835,0.8500000000000001,0.9180183420248157,15.674999999999999,15.766876461068154,1.4575,1.3681226398129833,5561.0,24.0,4,True
2001,SAS,12.820000000000002,12.96448753462604,0.53,0.5377700831024931,-1.0399999999999998,-0.6754570637119113,0.72,0.6837257617728532,16.38,16.148434903047093,1.8379999999999999,1.9872063711911359,7220.0,82.0,5,True
2001,SEA,14.960000000000003,15.124535869814348,0.546,0.5436030254412102,0.41999999999999993,0.32479944991978,-0.64,-0.6240545496218198,18.859999999999996,19.350870960348384,1.542,1.4500870960348382,8726.0,89.0,5,False
2001,TOR,16.566666666666666,16.155504476167433,0.51,0.49964916525526243,-0.5666666666666667,-0.3897653036535204,0.6,0.7702395354464069,18.966666666666665,18.376869102346966,1.7633333333333334,2.5411250907331233,4133.0,43.0,3,True
2001,UTA,13.466666666666669,13.412092391304348,0.5333333333333333,0.5332472826086957,-1.0666666666666667,-1.0357336956521739,0.1333333333333334,0.11039402173913043,17.599999999999998,17.34368206521739,1.2433333333333334,1.2919089673913042,4416.0,3.0,3,True
2001,VAN,11.080000000000002,11.466672314469673,0.484,0.4907709251101322,-2.68,-2.3215689596746865,-0.040000000000000015,0.07578786851914597,16.060000000000002,15.849762792273804,1.2339999999999998,1.3646712978651305,5902.0,79.0,5,False
2001,WAS,11.2,11.524155405405406,0.5025,0.5039888996138997,-1.65,-1.4021959459459459,-0.325,-0.3497828185328185,14.6,13.941336872586874,1.3775,1.4037668918918922,4144.0,66.0,4,False
2002,ATL,12.25,12.334047983665137,0.505,0.5093670239918326,-1.6,-1.57068232091203,-0.775,-0.7575463671941467,18.55,18.137366003062787,1.6749999999999998,1.8167551471839374,5877.0,64.0,4,False
2002,BOS,11.033333333333333,10.961018381576167,0.5166666666666667,0.5165032748785126,-2.6333333333333333,-2.6401225438411156,0.16666666666666666,0.25258821043735474,15.700000000000001,15.786034227762519,1.19,1.232856539192901,4733.0,43.0,3,True
2002,CHH,13.1,13.9129752725339,0.5,0.5186652486040947,-1.7999999999999998,-1.5950013294336611,0.7666666666666667,0.6994682265354959,15.966666666666667,16.538021802712045,1.1600000000000001,1.0875405477266684,3761.0,29.0,3,True
2002,CHI,13.0,13.110034013605441,0.514,0.5111961451247166,-2.1799999999999997,-2.0758219954648527,-0.78,-0.8200963718820864,18.16,18.771471088435373,1.706,1.6718494897959186,7056.0,107.0,5,False
2002,CLE,13.319999999999999,13.981028050297086,0.5159999999999999,0.5185850490534752,-1.6800000000000002,-1.1258670719911565,-0.86,-0.791957993643775,18.660000000000004,19.374823822025704,0.9039999999999999,1.0195799364377505,7237.0,90.0,5,False
2002,DAL,12.45,12.956553512494105,0.545,0.5395379537953795,-0.575,-0.2626826968411127,-0.15,-0.28783592644978784,14.925,15.46126826968411,1.5550000000000002,1.6238071664309288,4242.0,46.0,4,True
2002,DEN,12.642857142857142,12.630002345765892,0.4842857142857144,0.49249706779263436,-1.6142857142857143,-1.3074360778794276,-0.9714285714285714,-0.7575650950035187,18.842857142857138,18.556122448979593,1.532857142857143,1.591739385409336,8526.0,114.0,7,False
2002,DET,16.275,16.87691661062542,0.5824999999999999,0.5897192333557497,-0.09999999999999995,0.33698722259583047,0.0,0.11331540013449899,20.875,21.101832548755883,1.4525,1.492637861466039,5948.0,17.0,4,True
2002,GSW,12.28,12.924232707283554,0.476,0.4869690029012063,-1.42,-1.2237593525729118,-0.38,-0.2850358833409681,16.5,17.082226294090702,1.568,1.4073232554588486,6549.0,45.0,5,False
2002,HOU,12.78,12.83574704656011,0.46799999999999997,0.4665378735232801,-1.28,-1.1502571230020848,-1.1800000000000002,-1.110271021542738,17.8,17.8027936066713,1.232,1.4703182765809588,7195.0,80.0,5,False
2002,IND,13.224999999999998,13.018019230769234,0.5275000000000001,0.5288596153846155,-0.9500000000000001,-0.975076923076923,-0.04999999999999999,-0.18313461538461534,18.925,18.982019230769232,1.3825,1.2209576923076924,5200.0,22.0,4,True
2002,LAC,15.899999999999999,15.874309203014384,0.525,0.524914364010048,1.0,0.9708837634163053,0.4,0.4154144781913679,20.9,20.85889472482302,1.165,1.1638867321306234,4379.0,6.0,2,False
2002,LAL,13.55,13.642831495255193,0.515,0.5164657604513978,0.19999999999999996,0.2977173634265196,1.7,1.7684021543985637,14.6,14.424108745832264,2.1950000000000003,2.2384842267248013,3899.0,24.0,2,True
2002,MEM,13.399999999999999,13.44249832551909,0.4975,0.499348626925653,-2.5,-2.42093101138647,-0.225,-0.2985432016075017,19.05,19.18884795713329,1.16,1.0578935030140657,5972.0,77.0,4,False
2002,MIA,10.86,10.669975750227342,0.46399999999999997,0.4697893301000303,-2.52,-2.4,0.34,0.4040921491361018,19.5,18.931933919369506,1.3800000000000001,1.3466459533191877,6598.0,55.0,5,False
2002,MIL,12.85,12.813026147959183,0.535,0.5299521683673469,-0.8999999999999999,-0.9259725765306123,-0.8,-0.8258928571428571,16.875,17.152279974489797,0.9275,0.9044164540816326,6272.0,41.0,4,False
2002,MIN,13.8,13.34,0.53,0.5271250000000001,-0.35000000000000003,-0.220625,-0.44999999999999996,-0.378125,18.6,18.22625,1.72,1.9269999999999998,3200.0,10.0,2,True
2002,NJN,13.75,13.79791374747003,0.5375,0.5373252374279931,-1.125,-1.1010898334111785,0.75,0.7617468472676321,17.325,17.5124552389849,1.3525,1.3524630235092636,6423.0,31.0,4,True
2002,NYK,11.0,11.107438872772482,0.5,0.5117923746373808,-2.3249999999999997,-2.3197057604641524,0.37500000000000006,0.37625362619146296,17.625,17.297845006216328,1.425,1.20411520928305,4826.0,10.0,4,False
2002,ORL,15.0,15.054493307839389,0.55,0.5463671128107075,-0.30000000000000004,-0.20917782026768644,-1.0,-1.181644359464627,21.75,22.48565965583174,1.315,1.3576864244741873,3138.0,23.0,2,True
2002,PHI,11.85,12.274716836244961,0.4875,0.4910001919754271,-1.7249999999999999,-1.5569015166058746,1.65,1.5888654252255714,14.3,15.101746976387023,1.7875,1.7449664043002493,5209.0,56.0,4,True
2002,PHO,13.850000000000001,13.501614491041543,0.5175000000000001,0.5222189407363655,0.04999999999999999,-0.222130340618232,0.875,1.1047450285489269,17.700000000000003,16.47379405394763,1.825,1.7568182713132505,5079.0,45.0,4,False
2002,POR,15.466666666666669,15.836771669754992,0.5333333333333333,0.5382190652666256,-0.1333333333333333,0.2990323244801319,0.20000000000000004,0.19999999999999998,20.566666666666666,20.584084826024295,1.3833333333333335,1.4883117150504428,4857.0,45.0,3,True
2002,SAC,15.5,15.437243349401893,0.5466666666666666,0.5462399571505088,0.46666666666666673,0.42965541867523654,0.8000000000000002,0.8077664702731655,17.933333333333334,17.832619175147297,1.5333333333333332,1.5340439207284413,5601.0,42.0,3,True
2002,SAS,13.62,13.93770675637791,0.536,0.5317465657415195,-0.44000000000000006,-0.43568825343425843,0.86,0.7403980936361088,17.98,18.48270255116344,1.9300000000000002,1.9578525371460611,7134.0,38.0,5,True
2002,SEA,12.22,12.501623137081305,0.514,0.5173070680241995,-1.7200000000000002,-1.4579164822192712,-0.18,-0.33978161428360637,17.080000000000002,17.5361074221632,1.256,1.184108012394865,6777.0,75.0,5,True
2002,TOR,13.3,13.79675572519084,0.5,0.5023505089058525,-1.35,-1.4814090330788805,0.025000000000000022,0.20117684478371506,17.55,17.522582697201017,1.5375,1.4434557888040713,6288.0,71.0,4,True
2002,UTA,13.266666666666667,14.334874128857916,0.5133333333333333,0.5188152467643294,-0.5333333333333332,-0.08385720381169107,-0.08333333333333336,0.31235955056179765,17.349999999999998,17.429256151329827,1.5483333333333331,1.3694623808846536,7031.0,78.0,6,True
2002,WAS,12.799999999999999,12.857931413900605,0.5175000000000001,0.5154960572162113,-0.75,-0.7378507243719054,-0.22499999999999998,-0.2352283146891619,15.675,15.851898037777369,1.8275000000000001,1.8493361452411516,5453.0,28.0,4,False
2003,ATL,12.1,12.099999999999998,0.51,0.51,-1.7,-1.6999999999999997,-1.2,-1.2,13.8,13.8,0.71,0.71,1494.0,3.0,1,False
2003,BOS,11.233333333333334,11.18549261083744,0.5266666666666667,0.5290418719211822,-2.6,-2.288029556650246,0.5666666666666668,0.7231773399014779,15.0,14.510960591133003,1.4000000000000001,1.4925862068965516,4060.0,19.0,3,True
2003,CHI,13.6,13.775240384615385,0.5075000000000001,0.5081430288461538,-0.625,-0.30052083333333335,-0.22500000000000003,-0.2545472756410257,18.175,18.508754006410257,1.425,1.6517988782051283,4992.0,52.0,4,False
2003,CLE,12.266666666666666,12.208916423712342,0.5,0.5082069970845482,-2.0,-1.4720116618075803,-1.3,-1.225072886297376,19.3,18.54555393586006,0.9633333333333334,1.0233503401360546,4116.0,30.0,3,False
2003,DAL,13.66,14.242104531554073,0.542,0.5423074784542674,-0.45999999999999996,-0.19242424242424244,0.9,0.7650125104253545,14.9,15.761954406449819,1.7060000000000002,1.735840978593272,7194.0,85.0,5,True
2003,DEN,10.16,10.04165076335878,0.44399999999999995,0.4469958651399491,-3.54,-3.4738231552162846,0.059999999999999984,-0.046342239185750596,20.18,20.452687659033078,0.728,0.7669592875318066,6288.0,89.0,5,False
2003,DET,14.5,14.720453875626289,0.5399999999999999,0.5306940760389036,-0.58,-0.2880931329207191,-0.020000000000000018,-0.10789861479516655,20.22,20.831800766283525,1.426,1.5371396993810789,6786.0,29.0,5,True
2003,GSW,14.900000000000002,14.964676168139999,0.5275000000000001,0.530914667147754,0.45000000000000007,0.3640988634313549,-0.45000000000000007,-0.253599134042937,16.700000000000003,16.17627638462926,1.7474999999999998,1.6357784593180589,5543.0,3.0,4,False
2003,HOU,12.675,12.587199421442778,0.51,0.5107105405894052,-1.425,-1.3644548906165248,-0.15000000000000005,-0.2099981920086784,17.25,17.315367926233954,1.1375,1.1543120593021154,5531.0,43.0,4,False
2003,IND,12.125,11.912114890885752,0.5,0.49281129653401795,-1.55,-1.852214377406932,-0.05000000000000001,-0.2068356867779204,19.225,19.69991976893453,1.455,1.3880776636713736,6232.0,52.0,4,True
2003,LAC,12.616666666666665,12.988187877848397,0.52,0.518735079832584,-0.7499999999999999,-0.42139203224306304,-0.6833333333333335,-0.7506123081692762,18.016666666666666,18.727096574174546,1.1333333333333333,1.17969307084173,6451.0,69.0,6,False
2003,LAL,11.9,11.992264914054601,0.485,0.485922649140546,-0.8500000000000001,-0.7669615773508596,0.4,0.5291708796764408,13.95,13.627072800808897,1.755,1.8131268958543982,3956.0,33.0,2,True
2003,MEM,14.0,14.375856573705176,0.49,0.49571314741035855,-1.775,-1.5928685258964144,0.22500000000000003,0.24533864541832673,18.825,19.045498007968128,1.5675,1.4827808764940238,5020.0,34.0,4,False
2003,MIA,11.750000000000002,11.747822374039282,0.45249999999999996,0.45329632792485053,-1.7249999999999999,-1.73202391118702,-0.175,-0.20934244235695984,20.450000000000003,20.170315969257047,1.45,1.418602903501281,5855.0,49.0,4,False
2003,MIL,14.48,15.935029815559561,0.5279999999999999,0.5406614893912078,0.25999999999999995,1.342532242407433,-0.7200000000000001,-0.7029399528498127,16.7,17.94235196227985,1.9220000000000002,1.898091804188046,7211.0,51.0,5,True
2003,MIN,13.440000000000001,12.715707150368035,0.508,0.5042744479495268,-1.06,-1.2658123028391166,-5.551115123125783e-18,0.03675078864353313,17.58,17.240904311251313,1.9259999999999997,2.0001643007360674,7608.0,124.0,5,True
2003,NJN,12.366666666666667,12.494336137902728,0.49,0.49060332444079624,-1.5333333333333332,-1.3627334290991178,0.6,0.5037553868253642,18.9,18.900410424789655,1.5166666666666668,1.588231069156577,4873.0,25.0,3,True
2003,NOH,12.4,11.923856578204406,0.47333333333333333,0.4677357425183512,-1.9333333333333333,-1.8193393562958782,0.4666666666666666,0.31716544325239965,19.133333333333336,18.25479954827781,1.4566666666666668,1.571284584980237,3542.0,40.0,3,True
2003,NYK,14.6,14.528141762452107,0.5366666666666667,0.5355613026819923,0.3333333333333333,0.26078544061302683,0.30000000000000004,0.24136015325670498,16.400000000000002,16.177547892720305,1.7333333333333334,1.6195823754789274,5220.0,34.0,3,False
2003,ORL,12.95,13.409056295893391,0.545,0.5408267609464238,-1.65,-1.1353005167255916,0.19999999999999998,0.3391079684525429,15.35,15.781234702202884,1.295,1.4772314386728311,3677.0,44.0,2,True
2003,PHI,13.5,13.412711571675302,0.5449999999999999,0.5438514680483592,-1.2,-1.222970639032815,0.5,0.5229706390328152,14.899999999999999,14.890811744386871,0.935,0.9664697754749569,2895.0,14.0,2,True
2003,PHO,11.0,11.27843137254902,0.5099999999999999,0.5090119184928874,-1.3666666666666665,-1.2676470588235293,0.3666666666666667,0.3832948865820838,15.299999999999999,15.456632064590542,1.55,1.6270184544405997,5202.0,54.0,3,True
2003,POR,15.4,15.26923869827713,0.516,0.5161007215432191,-0.08000000000000002,-0.13388308054778386,-0.07999999999999996,-0.12071859814460317,19.98,20.00466794286556,1.6179999999999999,1.579365336474746,6791.0,57.0,5,True
2003,SAC,14.174999999999999,14.463299663299663,0.525,0.5278973063973064,-0.65,-0.570959595959596,0.525,0.6624410774410775,19.05,19.029074074074074,1.4675,1.4236969696969697,5940.0,48.0,4,True
2003,SAS,14.675,14.799650708855559,0.535,0.5408567906307787,-0.525,-0.699321964249024,1.05,1.050975960550647,19.6,19.959009656872816,1.465,1.2551756728991166,4867.0,36.0,4,True
2003,SEA,14.05,13.820691653786707,0.495,0.497677743431221,-1.875,-1.2161901081916537,0.525,0.04045595054095829,20.425,20.5274343122102,1.5274999999999999,1.3172546367851623,5176.0,48.0,4,False
2003,TOR,13.5,13.534812164579607,0.5025,0.5018479427549195,-1.125,-1.068014311270125,-1.1749999999999998,-1.203810375670841,19.3,19.67994633273703,1.265,1.2156905187835418,5590.0,64.0,4,False
2003,UTA,15.233333333333333,16.19118176364727,0.5233333333333333,0.5354509098180363,0.5666666666666667,0.9695460907818436,0.4666666666666666,0.8520295940811837,18.599999999999998,18.743331333733256,1.51,1.4456008798240352,5001.0,13.0,3,True
2003,WAS,11.65,11.991715567828788,0.4875,0.4952019330341733,-1.9500000000000002,-1.7168622713151536,-0.32500000000000007,-0.2781325509147394,18.225,17.30823265447014,1.5625,1.7638073869520194,5794.0,70.0,4,False
2004,ATL,11.959999999999999,11.50395588235294,0.48999999999999994,0.4865367647058823,-1.6,-1.691955882352941,-1.0399999999999998,-0.8966176470588236,17.32,16.750294117647062,1.252,1.3172558823529412,6800.0,95.0,5,False
2004,BOS,13.175,13.1191460521857,0.5275000000000001,0.5287631311419857,-1.4,-1.1003219247712641,-0.2,-0.147136563876652,19.275,19.23559810233819,1.0525,1.152710945442223,5902.0,46.0,4,True
2004,CHI,11.966666666666667,11.868175360259793,0.46166666666666667,0.4637669981733307,-2.8333333333333335,-2.823726405520601,0.05000000000000002,0.029815303430079185,18.03333333333333,17.96005682971382,0.9666666666666667,0.983521412624315,4927.0,45.0,6,False
2004,CLE,10.866666666666667,10.695,0.4783333333333333,0.4746038062283736,-2.0333333333333328,-2.2570242214532867,-0.3666666666666667,-0.3301038062283737,16.616666666666667,15.980986159169552,1.6916666666666667,1.7495138408304496,5780.0,69.0,6,False
2004,DAL,17.55,18.668819154725195,0.52,0.5344059495737349,1.375,1.9241066569925627,-0.425,-0.742572102303646,19.625,19.803627788862688,1.6300000000000003,1.4329004171957191,5513.0,57.0,4,True
2004,DEN,15.399999999999999,15.602847457627119,0.52,0.5149288135593221,1.4,1.5521355932203391,-0.15000000000000002,-0.4923050847457627,18.7,19.587457627118646,2.9450000000000003,2.9589457627118643,2950.0,12.0,2,True
2004,DET,12.950000000000001,14.260556285589136,0.49500000000000005,0.5149561979851073,-1.275,-0.8425974594831362,0.8250000000000001,0.5725799386771792,19.275,20.65851949189663,1.4525,1.123390275952694,4566.0,41.0,4,True
2004,GSW,15.766666666666666,15.332949395770394,0.5433333333333333,0.5392182779456193,-0.13333333333333325,-0.3181646525679758,0.8000000000000002,0.7390861027190332,18.433333333333334,18.17533987915408,1.8233333333333335,1.7948980362537763,5296.0,47.0,3,False
2004,HOU,14.3,13.933991950237834,0.52,0.5147713135748262,-1.0999999999999999,-1.5182949140139042,0.3,0.19542627149652397,19.4,21.125466520307352,0.705,0.702385656787413,2733.0,10.0,2,True
2004,IND,12.766666666666666,13.106562105642691,0.5133333333333333,0.5125563367586082,-1.4000000000000001,-1.3191454840454302,1.0999999999999999,0.9502433747971877,17.533333333333335,18.404633135027943,1.9799999999999998,1.7965116279069768,5547.0,24.0,3,True
2004,LAC,11.5,11.725411003236246,0.48,0.4813113268608414,-1.6142857142857143,-1.5445695792880259,-1.1142857142857143,-1.1149126213592233,17.385714285714286,17.639016181229778,1.497142857142857,1.5004776699029125,7725.0,93.0,7,False
2004,LAL,10.833333333333334,10.926122845350813,0.4666666666666666,0.4651007526098568,-1.6333333333333335,-1.6945860645787814,0.20000000000000004,0.32141296431172617,15.9,16.363364894391843,2.013333333333333,2.0302160718621023,4119.0,28.0,3,True
2004,MEM,14.779999999999998,14.765940618155268,0.5040000000000001,0.5049914821124362,-0.7,-0.6111462642978827,0.7799999999999999,0.828449744463373,19.06,18.739449987831588,1.4580000000000002,1.5050961304453638,8218.0,43.0,5,True
2004,MIA,13.799999999999999,13.740091071075033,0.54,0.5242447040190061,-0.03333333333333336,-0.18180558305286085,-0.3,-0.05569194218966545,17.7,17.127756879825778,1.4466666666666665,1.7955573153830926,5051.0,52.0,3,True
2004,MIL,15.75,15.593998908892523,0.53,0.5320867430441899,0.75,0.8622476813966176,-0.17499999999999996,-0.4547190398254227,18.4,18.71249318057829,1.9975,2.0814511729405347,7332.0,57.0,4,True
2004,MIN,11.966666666666667,12.139705521472392,0.5466666666666667,0.5567852760736196,-1.6333333333333335,-1.351558282208589,0.2666666666666666,0.5644417177914111,14.466666666666667,13.929815950920245,1.2566666666666666,1.4246110429447854,4075.0,17.0,3,True
2004,NJN,12.833333333333334,12.788376470588233,0.5066666666666667,0.5053364705882353,-1.7,-1.688141176470588,0.3333333333333333,0.3068,18.733333333333334,18.719952941176473,1.6166666666666665,1.6482141176470588,4250.0,37.0,3,True
2004,NOH,12.8,13.435217035217034,0.505,0.5084029484029484,-0.9,-0.400900900900901,0.7000000000000001,0.7907452907452909,17.5,17.93104013104013,1.52,1.6175511875511877,3663.0,46.0,2,True
2004,NYK,11.85,11.329333605887163,0.5175,0.5082869991823386,-1.4749999999999999,-1.7732011447260834,0.15,0.09531888798037613,18.05,18.065269828291086,1.2850000000000001,1.2090188062142273,4892.0,54.0,4,True
2004,ORL,14.133333333333335,13.938047973531843,0.49666666666666665,0.4930665839536807,-0.26666666666666666,-0.4431761786600496,-1.9000000000000001,-1.8676178660049627,18.5,18.837427626137302,1.5533333333333335,1.2900351530190237,4836.0,62.0,3,False
2004,PHI,10.6,10.6,0.48,0.48,-1.7,-1.7,0.9,0.9,15.6,15.6,1.7,1.7,1603.0,24.0,1,False
2004,PHO,11.333333333333334,10.858175459049837,0.5066666666666667,0.5271349460798601,-1.0333333333333332,-1.059312153890994,-0.8333333333333334,-0.7352958321189158,16.299999999999997,14.895045176333431,2.0966666666666662,1.899985426989216,3431.0,23.0,3,False
2004,POR,14.7,14.31123451516446,0.5375,0.5269521571977788,0.19999999999999996,-0.1496582656984195,0.0,0.2446390431439556,16.325,15.20155916275096,1.6099999999999999,1.5813754805638616,4682.0,41.0,4,False
2004,SAC,15.5,15.204114906832299,0.5549999999999999,0.5561995341614907,1.35,1.210054347826087,-0.6,-0.5680124223602485,20.75,20.266187888198758,1.61,1.6092003105590063,2576.0,0.0,2,True
2004,SAS,16.0,16.51165210153974,0.5233333333333333,0.5266500208073241,-0.20000000000000004,0.15655430711610488,2.3000000000000003,2.469954223886808,20.26666666666667,20.620183104452767,1.37,1.4643237619642113,4806.0,52.0,3,True
2004,SEA,14.014285714285714,14.439955955572577,0.5228571428571429,0.5235685561087705,-0.6857142857142857,-0.17745116813481412,-0.6857142857142857,-0.7793757181156644,17.87142857142857,18.627996936039832,1.5485714285714285,1.6123841440061282,10444.0,180.0,7,False
2004,TOR,8.0,8.61472777124951,0.455,0.474009009009009,-4.1,-3.6628476302389346,0.425,0.6886603995299647,17.0,15.639522130826478,1.4075,1.5695045045045044,5106.0,61.0,4,False
2004,UTA,11.933333333333332,11.973030359471037,0.5299999999999999,0.5290333395418141,-1.5333333333333332,-1.5118830322220151,-0.7000000000000001,-0.6989383497858074,19.366666666666667,19.55019556714472,1.2300000000000002,1.202555410691004,5369.0,46.0,3,False
2004,WAS,12.699999999999998,12.64322526010162,0.48666666666666664,0.48868013549479794,-1.8666666666666663,-1.839595935156061,0.11666666666666665,-0.21025889184611665,17.266666666666666,17.66561819501573,1.4683333333333335,1.26569199128962,8266.0,113.0,6,False
2005,ATL,12.6,12.693284708249497,0.49666666666666665,0.49732897384305835,-1.1666666666666667,-1.12102615694165,-1.3333333333333333,-1.3583501006036218,20.033333333333335,20.21491448692153,1.4366666666666665,1.405978370221328,3976.0,27.0,3,False
2005,BOS,14.85,14.904345629105608,0.545,0.546811520970187,-0.14999999999999997,0.04926730672056597,-0.15000000000000002,-0.4941889843355231,21.15,21.96518443658413,1.0,1.0724608388074786,3958.0,45.0,2,True
2005,CHA,11.84,12.775538635995463,0.48600000000000004,0.4935720071278147,-1.6199999999999999,-1.348452940223554,-0.86,-0.5893406771423942,18.799999999999997,19.345569415195204,1.814,1.9317106755224365,6173.0,64.0,5,False
2005,CHI,13.975,14.042439488713624,0.5325,0.5312510198531412,-1.2000000000000002,-1.1002719608376395,1.0,1.0914332336143595,21.175,21.07177046505303,0.7374999999999999,0.736801740549361,7354.0,79.0,4,True
2005,CLE,11.75,11.108678806664084,0.4775,0.4689287098024022,-2.325,-2.586633087950407,0.125,0.14936071290197597,14.375,14.043781480046494,1.775,2.02340178225494,5162.0,25.0,4,False
2005,DAL,14.399999999999999,14.520962072155411,0.5175000000000001,0.516172062904718,-0.4,-0.35585568917668825,0.65,0.583422756706753,18.9,19.42586493987049,1.3025,1.2991803885291395,5405.0,53.0,4,True
2005,DEN,16.35,16.532164415061803,0.54,0.5375711411325094,0.29999999999999993,0.6886174187985052,0.10000000000000003,-0.09430870939925264,20.799999999999997,21.14004024144869,1.94,2.1974590399540097,3479.0,23.0,2,True
2005,DET,11.524999999999999,13.003507062834874,0.4675,0.4860862152946907,-3.075,-2.3944471505114464,1.2750000000000001,1.1522649780808571,17.925,18.4818314661471,1.68,1.4589016074037993,4106.0,15.0,4,True
2005,GSW,11.475000000000001,12.235579567779961,0.485,0.5012495088408645,-2.0999999999999996,-1.4949901768172889,-0.17500000000000002,-0.33589390962671906,16.95,18.408428290766206,1.5675000000000001,1.7655049115913557,5090.0,43.0,4,False
2005,HOU,12.866666666666665,13.300806692560503,0.5399999999999999,0.5476068120705109,-1.5,-1.2027487302061548,1.2,1.2847027188527038,15.666666666666666,15.270481027786078,1.1966666666666665,1.2387630714072302,3347.0,20.0,3,True
2005,IND,12.280000000000001,12.52282269503546,0.5439999999999999,0.5423347517730497,-1.52,-0.967063829787234,0.48,0.30843971631205674,16.080000000000002,16.66126241134752,0.97,1.1383148936170213,7050.0,91.0,5,True
2005,LAC,12.16,11.756917349218169,0.532,0.5158525688756515,-1.8800000000000001,-1.8379002233804915,-0.11999999999999997,-0.0806254653760238,16.26,15.69620253164557,1.3719999999999999,1.6795696202531647,6715.0,89.0,5,False
2005,LAL,12.4,12.499309153713298,0.54,0.5436664199358501,-0.5666666666666668,-0.3993338267949667,-1.0,-0.9804589193190228,14.933333333333332,14.719516407599308,1.1933333333333334,1.245159141376758,4053.0,31.0,3,False
2005,MEM,14.040000000000001,13.975402516574214,0.51,0.5094290353132187,-1.38,-1.328480584494656,1.14,1.096766337437424,21.22,21.16499797050467,1.25,1.308632120146124,7391.0,81.0,5,True
2005,MIA,11.475000000000001,10.985316810848724,0.53,0.5205354220247838,-1.8,-1.9862052840776245,0.925,0.813350479307926,15.775,15.885457096095395,1.595,1.6245639466916062,4277.0,20.0,4,True
2005,MIL,12.933333333333335,13.061706783369802,0.515,0.5157502344482652,-0.8166666666666665,-0.7713347921225383,-0.2833333333333334,-0.27471084713973115,18.599999999999998,18.44043451078462,1.5733333333333333,1.593676148796499,6398.0,28.0,6,False
2005,MIN,15.450000000000001,15.547851368600197,0.5549999999999999,0.5563423627854206,0.95,1.0042121684867396,-0.30000000000000004,-0.5568146362218126,18.775,19.48156289887959,2.185,2.0480456672812366,7051.0,69.0,4,False
2005,NJN,10.325,10.324313212483649,0.4825,0.48410016819286117,-2.825,-2.8570547561203514,0.17500000000000002,0.19577649037563072,17.3,17.276957578022795,1.8874999999999997,1.912898523640441,5351.0,71.0,4,True
2005,NOH,12.379999999999999,13.198269751928288,0.52,0.5342130498228059,-2.04,-1.4593495934959348,2.2204460492503132e-17,0.07856993954554935,18.160000000000004,17.825286637481756,1.0059999999999998,1.082701688555347,4797.0,32.0,5,False
2005,NYK,12.975000000000001,13.442634107285828,0.5325,0.5381485188150521,-1.5999999999999999,-1.4561048839071256,-0.375,-0.4127301841473179,17.275,17.473338670936748,0.925,0.8735288230584467,4996.0,44.0,4,False
2005,ORL,12.100000000000001,12.264184508816122,0.5,0.503978274559194,-1.2000000000000002,-1.1496536523929473,-0.8500000000000001,-0.6666404282115869,19.575,19.188019521410578,1.27,1.233573677581864,6352.0,91.0,4,False
2005,PHI,11.599999999999998,12.221243356418102,0.5120000000000001,0.5175471090352713,-2.12,-1.8278466741826382,0.16000000000000003,-0.10906748268642288,17.68,18.378289579642455,1.582,1.446819133515864,6209.0,60.0,5,True
2005,PHO,10.866666666666667,11.125736325385695,0.57,0.57,-0.8333333333333334,-0.7979663394109398,-0.6666666666666666,-0.677945301542777,15.699999999999998,16.098071528751753,1.4400000000000002,1.4517286115007013,2852.0,9.0,3,True
2005,POR,11.4,12.371199324324325,0.48333333333333334,0.48913288288288287,-3.266666666666667,-2.71204954954955,-0.4333333333333333,-0.4945382882882883,20.766666666666666,22.498451576576578,1.1433333333333333,1.185670045045045,3552.0,53.0,3,False
2005,SAC,12.0,12.778622787610619,0.5133333333333333,0.5277903761061946,-1.5666666666666664,-1.2020741150442478,-0.5333333333333333,-0.5959900442477876,15.300000000000002,15.623147123893807,1.42,1.4540320796460176,3616.0,41.0,3,True
2005,SAS,14.375,14.38167239404353,0.5375,0.5433371515845743,-0.17500000000000004,0.10435280641466206,1.5,1.5702176403207329,17.825,17.42615502100038,1.6124999999999998,1.7734593356242838,5238.0,25.0,4,True
2005,SEA,14.719999999999999,15.174236958934516,0.554,0.555717258601554,-0.26000000000000006,0.374250832408435,-0.8800000000000001,-0.7465177580466149,19.32,18.987402885682577,1.366,1.6698127081021086,7208.0,12.0,5,True
2005,TOR,15.699999999999998,15.795201860071865,0.5666666666666667,0.5673599661805114,1.0333333333333334,1.1157683365039104,-0.43333333333333335,-0.4190445994504333,17.066666666666666,17.0995561192137,1.9633333333333336,1.9609744240118365,4731.0,6.0,3,False
2005,UTA,13.700000000000001,14.94310588235294,0.5266666666666667,0.5327435294117647,-0.16666666666666666,0.4551529411764705,-0.9666666666666668,-0.906164705882353,18.866666666666664,19.66084705882353,2.0399999999999996,1.727844705882353,4250.0,41.0,3,False
2005,WAS,11.66,11.514097222222222,0.49000000000000005,0.48629513888888887,-2.18,-2.1218055555555555,-0.6,-0.5601388888888889,16.2,15.955312500000002,1.088,1.1605659722222221,5760.0,57.0,5,True
2006,ATL,14.0,14.079688202668267,0.5700000000000001,0.5737415679808126,0.175,0.13345825213611162,-1.575,-1.3642482386448809,18.549999999999997,17.681427072402936,1.2525,1.201869284964773,6671.0,28.0,4,False
2006,BOS,11.833333333333334,11.518961832061068,0.51,0.5058045801526718,-3.2999999999999994,-3.4629923664122133,0.6333333333333333,0.6669923664122136,18.333333333333332,18.124152671755727,0.8633333333333333,0.8744427480916029,3275.0,21.0,3,False
2006,CHA,12.333333333333334,12.672790773229371,0.515,0.5184567901234568,-1.9666666666666668,-1.8780214424951267,-0.2333333333333333,-0.09098440545808965,18.849999999999998,18.987102014294997,0.9833333333333333,0.9456367771280052,6156.0,64.0,6,False
2006,CHI,13.6,13.599999999999998,0.52,0.52,-1.5,-1.5,0.4,0.4,21.3,21.3,1.0,1.0,1329.0,7.0,1,True
2006,CLE,11.100000000000001,11.172190277051751,0.53,0.5299285589824012,-1.35,-0.8404774350932218,0.0,-0.13965847708660045,15.125,15.25124586164837,1.2325,1.5001812162397632,5739.0,30.0,4,True
2006,DAL,14.9,14.826811594202898,0.532,0.5314242424242424,-0.15999999999999998,-0.24754940711462453,-0.3,-0.26225296442687746,20.080000000000002,19.511581027667987,1.2340000000000002,1.2173214756258233,7590.0,80.0,5,True
2006,DEN,12.5,12.535424187725631,0.534,0.531755415162455,-0.5199999999999999,-0.5711642599277977,0.07999999999999999,0.18519855595667867,16.880000000000003,16.645983754512635,1.8900000000000001,1.9659882671480144,6648.0,61.0,5,True
2006,DET,15.5,15.5,0.52,0.52,-1.7,-1.7,0.5,0.5,18.9,18.9,1.22,1.22,1733.0,0.0,1,True
2006,GSW,11.966666666666667,12.879630425440482,0.51,0.5203480876665235,-1.4666666666666668,-1.0556295659647614,-0.033333333333333326,0.1438547486033519,20.5,20.42799742157284,1.3733333333333333,1.644690588740868,4654.0,57.0,3,False
2006,HOU,12.899999999999999,12.450574712643677,0.525,0.5236781609195402,-2.05,-1.8517241379310345,0.6000000000000001,0.732183908045977,19.65,18.84367816091954,1.045,1.2445977011494254,3654.0,32.0,2,False
2006,IND,12.6,12.66575165509446,0.535,0.5357564992733732,-1.875,-1.5597933150331018,0.9000000000000001,0.9042951719683513,18.325,18.118956886807684,1.2025000000000001,1.3003487808816405,6193.0,51.0,4,True
2006,LAC,14.433333333333332,13.70256486728303,0.5366666666666666,0.5227825827617059,0.1333333333333333,-0.36301819266328655,0.3333333333333333,0.38544586937071285,19.833333333333332,19.04685356397256,1.6666666666666667,1.812120489114226,3353.0,38.0,3,True
2006,LAL,10.433333333333335,10.420675300647549,0.48,0.48,-1.6666666666666667,-1.6739824236817762,0.3,0.3123496762257169,14.133333333333333,14.13517576318224,2.0566666666666666,2.038422756706753,4324.0,15.0,3,True
2006,MEM,15.899999999999999,16.058520900321543,0.55,0.5560969577046748,1.5,1.6097452386841453,0.19999999999999998,0.24877566163739795,23.15,22.92441256492703,1.6749999999999998,1.6439055157061586,4043.0,24.0,2,True
2006,MIA,14.833333333333334,14.052342404409233,0.5533333333333333,0.5424250775060283,-0.3333333333333332,-0.296159145711333,0.7666666666666666,0.4940062004822597,18.266666666666666,18.309042369962107,1.2466666666666668,1.43515845676886,5806.0,64.0,3,True
2006,MIL,14.425,14.45645263827082,0.5225,0.5235643144734053,-0.09999999999999998,0.03405382496291588,-0.125,-0.12214452214452212,19.674999999999997,19.93767747404111,2.06,2.173574909938546,4719.0,23.0,4,True
2006,MIN,11.7,11.928034066713982,0.4775,0.4752827064111663,-2.125,-2.1025550035486162,-0.325,-0.07643718949609651,20.525000000000002,20.260988881003076,1.3425,1.2233877454459428,4227.0,45.0,4,False
2006,NJN,8.55,8.763254762673554,0.495,0.496015498869874,-4.0,-3.7359702938327413,0.9,0.8593800452050371,14.05,14.324184694866,1.76,1.6828220858895704,3097.0,19.0,2,True
2006,NOK,13.180000000000001,13.310919446704636,0.526,0.5144149715215621,-1.3,-0.925793327908869,-0.14,-0.25334418226200167,18.4,19.86312449145647,0.9720000000000001,1.185620829943043,6145.0,52.0,5,False
2006,NYK,12.8625,13.490784259515252,0.5249999999999999,0.5289088563266059,-0.9125000000000001,-0.4921113261450557,-0.625,-0.8266703529628606,18.575,19.543055939544743,0.9299999999999999,1.0265164500967652,10851.0,155.0,8,False
2006,ORL,12.666666666666666,12.243560325684678,0.5266666666666667,0.5262065136935603,-1.5333333333333332,-1.6240192450037012,0.16666666666666666,-0.05569948186528489,18.933333333333334,19.15381199111769,1.0999999999999999,1.141339748334567,2702.0,8.0,3,False
2006,PHI,9.25,9.708919437340153,0.5,0.5031649616368286,-3.05,-2.8126278772378517,-0.09999999999999999,-0.16329923273657287,12.95,14.010262148337597,2.65,2.3809782608695653,3128.0,47.0,2,False
2006,PHO,14.5,14.426081504702195,0.55,0.5514294670846396,0.4333333333333334,0.4076907001044932,-0.5333333333333333,-0.5076907001044932,21.366666666666664,21.000898641588297,1.7833333333333332,1.7686938349007315,4785.0,35.0,3,True
2006,POR,13.166666666666666,13.057621483375959,0.5300000000000001,0.5287046035805627,-1.0666666666666667,-1.163849104859335,-1.0999999999999999,-1.1019820971867007,18.666666666666668,18.59166240409207,1.235,1.340006393861893,7820.0,84.0,6,False
2006,SAC,13.75,14.448038013488658,0.55,0.5580931943592887,-0.8,-0.5369711833231147,0.8500000000000001,0.7589515634580012,17.9,18.345125689760884,1.335,1.3481514408338442,3262.0,41.0,2,True
2006,SAS,13.4,13.445258243361542,0.53,0.531362707907791,-0.27999999999999997,-0.25996498395097756,1.04,0.9620075868106216,17.619999999999997,17.708418441785817,1.746,1.7208695652173913,6854.0,58.0,5,True
2006,SEA,12.819999999999999,12.912014998369743,0.524,0.5263090968373003,-1.06,-1.0212259537006847,-1.9000000000000004,-1.846364525595044,18.4,18.24693511574829,1.068,1.0899413107270948,6134.0,77.0,5,False
2006,TOR,13.039999999999997,13.362555223880596,0.534,0.5347749253731343,-0.4,-0.26875223880597027,-1.44,-1.410734328358209,17.880000000000003,18.026041791044772,1.588,1.5062447761194029,8375.0,99.0,5,False
2006,UTA,11.275,11.740076640587576,0.49,0.4952243333865559,-2.15,-1.8622864441960723,-0.9249999999999999,-0.9728724253552611,19.7,19.94157751876098,1.4325,1.3568641226249403,6263.0,96.0,4,False
2006,WAS,13.649999999999999,13.667068155111632,0.555,0.5532931844888368,-0.85,-0.525705052878966,-0.4,-0.536545240893067,14.7,14.938954171562868,1.78,2.2886310223266744,3404.0,26.0,2,True
2007,ATL,12.120000000000001,12.827399577167018,0.52,0.5303960535588442,-1.4,-0.9199999999999999,-0.9400000000000001,-0.8934601832276251,17.160000000000004,17.115813953488374,1.292,1.33707399577167,7095.0,92.0,5,False
2007,BOS,10.06,10.510410049090384,0.5,0.49505197805371065,-2.1,-2.0975887958417556,-0.33999999999999997,-0.20615073635576087,17.919999999999998,18.2422032919434,1.4620000000000002,1.5269953797285591,6926.0,103.0,5,False
2007,CHA,12.700000000000001,11.423615160349856,0.51,0.4962015826738859,-0.825,-1.2661391087047065,-1.1749999999999998,-1.549521032902957,19.975,20.832819658475632,1.5350000000000001,1.3852603082049144,4802.0,46.0,4,False
2007,CHI,11.9,11.9,0.53,0.53,-0.9,-0.9,1.3,1.3,14.8,14.8,3.08,3.08,1906.0,30.0,1,True
2007,CLE,12.280000000000001,12.658079290110205,0.54,0.5389008158007729,-0.9,-0.9802347216258765,0.82,0.933104336625161,16.380000000000003,16.39984256476313,1.464,1.3806512093888652,6987.0,50.0,5,True
2007,DAL,11.225,11.472469565217391,0.505,0.5066173913043478,-1.5750000000000004,-1.4457043478260871,0.975,0.9447652173913045,15.25,15.510834782608697,1.1549999999999998,1.1711234782608695,5750.0,45.0,4,True
2007,DEN,12.783333333333333,12.672852013336753,0.5483333333333333,0.5541061810720698,-0.6166666666666668,-0.6998461143883049,-0.19999999999999998,-0.12337778917671197,17.3,16.958373942036424,1.2499999999999998,1.1757001795332138,7798.0,108.0,6,True
2007,DET,13.9,14.156422018348623,0.5133333333333333,0.5151987767584097,-1.0666666666666667,-1.0429663608562691,0.43333333333333335,0.4707951070336392,17.933333333333334,18.00290519877676,1.55,1.5192660550458716,4578.0,22.0,3,True
2007,GSW,14.233333333333334,14.424087178035663,0.5533333333333333,0.5508123407868667,0.26666666666666666,0.35658080951033116,-0.16666666666666666,0.02408717803566374,18.96666666666667,18.89484857061987,1.29,1.3990857628078122,3533.0,38.0,3,True
2007,HOU,13.633333333333333,13.520665125377912,0.5666666666666668,0.5619313533700871,-1.0666666666666667,-0.977876578338965,1.2000000000000002,1.0501155966565892,15.266666666666666,16.352125200071136,0.9833333333333333,1.0765303218922284,5623.0,81.0,3,True
2007,IND,13.200000000000001,13.544395764877692,0.5366666666666667,0.5383169039795546,-0.6,-0.42168674698795183,-0.3666666666666667,-0.013873676524278934,19.666666666666668,19.217305585980284,1.8766666666666667,2.014081781672143,2739.0,9.0,3,False
2007,LAC,16.1,16.236363636363638,0.5549999999999999,0.5563636363636364,0.85,0.8581818181818183,-0.25,-0.2636363636363636,23.05,23.21090909090909,1.3399999999999999,1.3236363636363635,4345.0,55.0,2,False
2007,LAL,12.84,12.766801961779132,0.534,0.5328682563842382,-1.1,-1.022340605445628,-0.6599999999999999,-0.7841366480635887,17.8,17.68427194317605,1.322,1.3221461187214611,5913.0,52.0,5,True
2007,MEM,13.52,13.749641791044777,0.54,0.5463611940298508,-1.2,-0.7344925373134329,-1.16,-1.4230298507462689,18.339999999999996,18.721716417910446,1.0900000000000003,1.3114925373134327,6700.0,96.0,5,False
2007,MIA,11.0,10.98583894672382,0.4975,0.5011879975505206,-1.9500000000000002,-1.8730557256582976,0.375,0.31852418860992043,16.725,16.750872627066748,1.7400000000000002,1.704761175750153,6532.0,81.0,4,True
2007,MIL,11.5,12.259077690070626,0.49,0.4989281262982967,-2.1666666666666665,-1.957457415870378,-1.5,-1.5166597424179475,17.2,17.944993768176154,1.4400000000000002,1.2127627752388865,2407.0,27.0,3,False
2007,MIN,11.459999999999999,12.392975818391182,0.508,0.5237127817075178,-2.1,-1.7429675933541702,-0.22000000000000003,-0.06487909195591378,19.259999999999998,19.014360914624113,1.284,1.2805823326204968,6079.0,36.0,5,False
2007,NJN,11.0,11.277943925233645,0.51,0.5170025488530162,-1.54,-1.4240781648258285,-0.6,-0.6114188615123194,18.68,18.957807986406117,1.616,1.5466287170773152,5885.0,28.0,5,True
2007,NOK,12.799999999999999,12.595881043256997,0.4925,0.4951097328244275,-0.825,-0.6670642493638677,-0.4,-0.36604643765903305,21.65,21.235194020356232,1.3225,1.3215887404580156,6288.0,72.0,4,False
2007,NYK,17.166666666666668,17.515731149120693,0.5766666666666668,0.5865743194410986,1.0999999999999999,1.3801975427607802,0.6666666666666666,0.5307154902433149,17.466666666666665,17.373139002649964,1.0833333333333333,1.1023560587810166,4151.0,18.0,3,False
2007,ORL,12.940000000000001,13.138309248554915,0.522,0.5173164739884393,-1.06,-1.1427312138728325,0.58,0.6766329479768787,18.94,19.104248554913294,1.2739999999999998,1.2309624277456648,6920.0,48.0,5,True
2007,PHI,11.75,12.224750156152403,0.505,0.5127498438475953,-1.75,-1.361367895065584,-0.9750000000000001,-1.0163960024984384,19.65,20.81683322923173,1.3675,1.176228919425359,6404.0,71.0,4,False
2007,PHO,13.533333333333333,14.76066961708678,0.5466666666666666,0.5598999422743891,0.0,0.6867423513565518,0.10000000000000002,0.09030209736386378,17.333333333333332,18.946507600538773,1.5066666666666668,1.6992995959207235,5197.0,38.0,3,True
2007,POR,13.0,12.867086118757376,0.52,0.5200406344212872,-1.34,-1.3783195700616069,-0.7200000000000001,-0.7429414077860795,19.220000000000002,19.039113907458383,0.672,0.6492764451435312,7629.0,74.0,5,False
2007,SAC,12.366666666666665,12.411183941007783,0.5533333333333333,0.5527386317083163,-1.7,-1.5647480540761984,-0.16666666666666666,-0.06556739041376487,17.7,17.280786562884064,1.26,1.4016099959033184,4882.0,25.0,3,False
2007,SAS,15.640000000000004,16.40819692615269,0.57,0.57664625765338,1.1600000000000001,1.600099962514057,1.56,1.5136323878545546,17.76,18.72988879170311,1.784,1.810293639885043,8003.0,121.0,5,True
2007,SEA,12.0,12.308287690977226,0.5225,0.5192130296915538,-1.425,-1.2049149610838858,-0.5750000000000001,-0.5638944940905161,16.65,17.134606514845775,1.4225,1.5368204093398672,6938.0,83.0,4,False
2007,TOR,13.580000000000002,14.006722326183967,0.556,0.5596156614365914,-0.5800000000000001,-0.3669353677846553,-0.06,-0.12815603857780336,19.32,19.553116453145243,1.4300000000000002,1.489863250323881,6947.0,55.0,5,True
2007,UTA,14.533333333333333,14.749643243243245,0.5666666666666665,0.5657513513513514,-0.5333333333333333,-0.502745945945946,-0.06666666666666665,-0.10756756756756757,18.933333333333334,19.17734054054054,0.8666666666666667,0.8588345945945947,4625.0,9.0,3,True
2007,WAS,13.725,13.645377836114754,0.5549999999999999,0.550993812113257,-0.9,-0.6292893305831615,-0.925,-0.9603600225014064,16.05,15.730058128633038,1.655,1.9498856178511157,5333.0,58.0,4,True
2008,ATL,12.3,13.919625564880569,0.5425,0.574874112330536,-1.3250000000000002,-0.3878631375080697,-0.95,-0.7426726920593931,17.275,16.765848934796644,1.5675,1.3586787174521195,4647.0,14.0,4,True
2008,BOS,11.9,11.93476679503637,0.5499999999999999,0.5533761232349166,-1.0,-0.8721009841677364,1.8666666666666665,1.9166880616174584,17.566666666666666,17.223427471116818,1.5233333333333334,1.5460141206675224,4674.0,15.0,3,True
2008,CHA,11.4,11.50903216331326,0.51,0.5184300190923777,-1.9599999999999997,-1.8916434131296813,-1.0599999999999998,-0.8272286679394919,16.18,15.839330298134824,1.794,1.6678704655602878,6809.0,87.0,5,False
2008,CHI,13.766666666666666,13.973708176598693,0.525,0.5298426054246684,-0.8833333333333333,-0.5838150861215601,0.2833333333333334,0.09139774302118396,19.416666666666668,20.196070085131655,1.5666666666666664,1.5164640665214808,10102.0,152.0,6,False
2008,CLE,11.26,11.414883652861116,0.532,0.5343494804624616,-1.48,-1.3154690472705985,-0.22000000000000003,-0.22154251426898877,14.86,15.148119420459535,1.7400000000000002,1.8876452509878532,6833.0,75.0,5,True
2008,DAL,13.479999999999999,14.755431639818259,0.538,0.5471334159438248,-0.33999999999999997,0.4312543026297673,0.27999999999999997,0.16238468952223598,17.4,19.007448712653176,1.46,1.7426008536417459,7263.0,70.0,5,True
2008,DEN,14.866666666666667,14.68759549658223,0.5833333333333334,0.582368315239244,0.9333333333333332,0.7796542018496179,-0.30000000000000004,-0.3117611580217129,18.866666666666664,18.52945315641335,1.24,1.2385886610373944,4974.0,16.0,3,True
2008,DET,14.5,14.790715667311412,0.5266666666666667,0.5351934235976789,-1.1333333333333335,-0.9882736943907157,0.5666666666666668,0.4974613152804642,20.400000000000002,19.870116054158608,1.3333333333333333,1.2229859767891684,4136.0,10.0,3,True
2008,GSW,13.033333333333331,13.073913043478262,0.53,0.5295607350963694,-0.5333333333333333,-0.4828776333482744,0.09999999999999998,0.011160914388166783,16.400000000000002,16.481174361272974,1.29,1.2963693411026445,4462.0,51.0,3,False
2008,HOU,14.959999999999999,15.161870129870127,0.53,0.5348398268398269,-0.96,-0.903982683982684,0.78,0.9516363636363637,20.82,20.486303030303034,1.316,1.2801333333333333,5775.0,64.0,5,True
2008,IND,11.266666666666666,11.23849296413981,0.49333333333333335,0.4934135270086246,-1.5,-1.5551066727190197,-0.5,-0.4722197004085339,18.599999999999998,18.6896050839764,2.4866666666666664,2.399042215161144,4406.0,37.0,3,False
2008,LAC,11.850000000000001,11.871380471380471,0.51,0.5081677890011224,-2.025,-1.9579685746352415,-1.05,-1.0328002244668912,18.875,19.523344556677895,1.58,1.4359343434343435,7128.0,102.0,4,False
2008,LAL,14.45,14.3722547108512,0.5525,0.5495305393112411,0.275,0.22196231319038343,0.425,0.44499675113710196,18.175,18.108317089018843,1.8399999999999999,1.8710916179337234,6156.0,52.0,4,True
2008,MEM,12.74,13.554966414177505,0.544,0.5428998142060883,-2.04,-1.1275260826068316,-0.6,-0.894840645991139,18.0,19.321766471344862,1.0439999999999998,1.3550907531799343,6997.0,76.0,5,False
2008,MIA,10.366666666666667,10.41757493188011,0.49666666666666665,0.5019427792915532,-2.8666666666666667,-2.619182561307902,-1.4666666666666666,-1.388474114441417,19.466666666666665,19.164523160762943,1.7033333333333331,1.824517711171662,3670.0,59.0,3,False
2008,MIL,11.225000000000001,11.427778643803586,0.495,0.49522213561964146,-1.75,-1.659049103663289,-1.4500000000000002,-1.4943569758378799,18.675,18.95290724863601,1.6575,1.6256040530007794,6415.0,77.0,4,False
2008,MIN,11.639999999999999,12.415895016219405,0.504,0.5107844293718667,-1.8000000000000003,-1.4190946623414924,-0.72,-0.8170893541728104,19.779999999999998,20.7432320849307,1.068,1.0183279268652314,6782.0,75.0,5,False
2008,NJN,11.14,11.444181072892533,0.512,0.5174175726252006,-2.2399999999999998,-2.123418285510604,-0.36000000000000004,-0.329620388522545,18.18,18.351648547495987,1.1620000000000001,1.1147424701479238,5611.0,59.0,5,False
2008,NOH,11.200000000000001,11.341771376034323,0.48,0.47824088262335274,-1.2333333333333334,-1.3357952804167943,-0.13333333333333333,-0.2758810910205332,19.166666666666668,20.12139135764634,2.643333333333333,2.5196536929206257,3263.0,13.0,3,True
2008,NYK,12.76,13.596202847864104,0.5199999999999999,0.5371034224331751,-1.12,-0.5623157631776168,-0.7,-0.6480139895078691,17.0,16.928703472395703,1.4740000000000002,1.5208930801898575,8006.0,107.0,5,False
2008,ORL,12.600000000000001,12.29135596750677,0.56,0.5601353884607374,-0.43333333333333335,-0.3364507394292856,0.13333333333333333,0.20654030410331178,17.0,16.532097479691732,2.4466666666666668,2.3904686523640906,4801.0,56.0,3,True
2008,PHI,16.6,16.609016393442623,0.5449999999999999,0.5427459016393442,0.75,0.7995901639344263,0.2,0.19098360655737703,20.85,21.16106557377049,1.445,1.4950409836065572,3416.0,22.0,2,True
2008,PHO,13.9,13.94540071896807,0.5449999999999999,0.5455973778811588,0.050000000000000044,0.07508987100866998,-0.35,-0.3631423133854938,19.700000000000003,19.77407485726369,1.955,1.9527299640515963,4729.0,31.0,2,True
2008,POR,14.274999999999999,14.291539883406799,0.5525,0.5465121569742641,-0.37500000000000006,-0.42425707379496663,-0.15,-0.17506042940423716,19.925,20.623304422010523,1.2325,1.2676482297739229,7033.0,45.0,4,False
2008,SAC,15.1,15.1,0.58,0.58,0.7,0.7,0.1,0.1,20.7,20.7,1.0,1.0,2096.0,20.0,1,False
2008,SAS,15.425,17.093123587038434,0.5700000000000001,0.5674886963074606,0.525,1.3432366239638283,1.6250000000000002,1.9259419743782973,19.275,21.598775433308216,2.1550000000000002,1.9401036171816126,5308.0,33.0,4,True
2008,SEA,12.183333333333332,12.548953679755465,0.49333333333333335,0.49881495415001176,-1.9333333333333333,-1.8326475429108864,-0.39999999999999997,-0.40494944744885963,18.983333333333334,18.610545497296027,1.505,1.4291088643310603,8506.0,105.0,6,False
2008,TOR,12.2,12.361133603238867,0.545,0.5432735685367265,-0.95,-0.8406593406593407,-0.19999999999999998,-0.14245228455754771,18.35,18.424812030075188,1.5699999999999998,1.619491035280509,3458.0,7.0,2,True
2008,UTA,14.799999999999999,14.945940737171764,0.5766666666666668,0.5707178993013732,-0.1666666666666667,-0.33746085280655264,-0.10000000000000002,-0.021681522524692846,19.26666666666667,19.25131293664177,1.1066666666666667,1.0584726571910381,4151.0,2.0,3,True
2008,WAS,13.175,13.339278096800658,0.5275000000000001,0.5280639868744873,-1.525,-1.4036751435602957,-0.7250000000000001,-0.6193765381460213,20.199999999999996,19.851862182116488,1.2125,1.2597260049220673,6095.0,39.0,4,True
2009,ATL,13.299999999999999,13.280219364599093,0.5566666666666666,0.5553158093797277,-0.9666666666666667,-0.8925302571860817,-0.3,-0.2689674735249622,18.266666666666666,18.5571860816944,1.0766666666666667,1.1155616490166416,5288.0,53.0,3,True
2009,BOS,14.05,13.927189292543021,0.5549999999999999,0.5533499043977056,-0.875,-0.7816252390057362,1.1500000000000001,1.0293690248565965,19.725,19.42189292543021,1.0074999999999998,1.046204588910134,5230.0,25.0,4,True
2009,CHA,10.299999999999999,12.056817482302247,0.5133333333333333,0.5425884887657741,-1.2333333333333334,-0.22828562634656827,-0.7000000000000001,-0.623391812865497,20.200000000000003,20.43348722683903,1.3866666666666667,1.6426131117266853,3249.0,20.0,3,False
2009,CHI,12.850000000000001,12.834362934362936,0.53,0.535398166023166,-0.725,-0.7136583011583012,0.625,0.5028474903474904,18.4,18.620294401544403,1.605,1.5989430501930502,4144.0,26.0,4,True
2009,CLE,10.266666666666666,10.437028571428572,0.5366666666666666,0.5385348571428571,-1.3666666666666665,-1.24592,0.3333333333333333,0.32406857142857143,15.799999999999999,15.875382857142858,1.7966666666666669,1.8489942857142858,4375.0,17.0,3,True
2009,DAL,14.024999999999999,15.736058371253726,0.5349999999999999,0.5474486113290444,-0.2250000000000001,0.6721638160991682,-0.47500000000000003,-0.5576808410481721,19.15,21.189031853130395,1.485,1.6808755688059,6373.0,43.0,4,True
2009,DEN,14.725000000000001,14.696336796063424,0.5575,0.556524056861673,0.07500000000000007,0.24945325314379443,0.35000000000000003,0.20832422088572997,17.975,18.579428649535267,1.255,1.3043739748496446,7316.0,31.0,4,True
2009,DET,13.766666666666667,14.24236912156167,0.5533333333333333,0.5510913930789707,-1.0999999999999999,-0.9226264418811002,0.13333333333333333,0.1578527062999113,14.966666666666667,15.059183673469386,1.04,1.1004702750665483,4508.0,42.0,3,True
2009,GSW,15.440000000000001,15.301293048265267,0.56,0.5626577902957368,-0.32,-0.28712072717961845,-0.4600000000000001,-0.37480476251440276,18.759999999999998,18.43518115478172,1.49,1.5813480988349764,7811.0,102.0,5,False
2009,HOU,13.625,13.995312781683793,0.565,0.5612330989724175,-0.27499999999999997,-0.19203172886244813,0.275,0.09715161348476653,19.25,20.1629168920137,1.315,1.3462880836488191,5547.0,47.0,4,True
2009,IND,12.033333333333333,11.787079463364291,0.52,0.5201031991744066,-1.5333333333333332,-1.5599793601651188,0.06666666666666665,0.04105263157894739,15.633333333333333,15.266088751289988,1.3933333333333335,1.3468771929824561,4845.0,64.0,3,False
2009,LAC,10.266666666666667,10.491720613287905,0.5033333333333333,0.5142078364565588,-2.7833333333333337,-2.4536456558773425,-0.9333333333333332,-0.9291652470187395,16.683333333333334,16.184923339011924,1.8066666666666666,1.924848381601363,5870.0,73.0,6,False
2009,LAL,13.65,14.341573529411766,0.52,0.5258279411764706,-0.8499999999999999,-0.5239705882352941,1.5,1.6070294117647057,17.575000000000003,17.522676470588237,2.1075,1.9623676470588234,6800.0,52.0,4,True
2009,MEM,12.924999999999999,13.531898829747075,0.525,0.5286957342393357,-1.625,-1.3256511891279728,-0.125,-0.2652132880332201,17.325000000000003,18.094563986409966,1.2675,1.1653982634956588,5298.0,50.0,4,False
2009,MIA,11.299999999999999,12.404547101449277,0.52,0.5203188405797101,-1.9,-1.4324637681159422,-0.44999999999999996,-0.7489673913043476,16.725,19.127518115942028,1.1275,1.0597445652173914,5520.0,52.0,4,True
2009,MIL,12.566666666666668,13.334948307318063,0.5266666666666667,0.5239610784512467,-1.0999999999999999,-0.5428947901885262,0.26666666666666666,0.1336711939995946,16.400000000000002,17.789337117372792,1.8733333333333333,2.167188323535374,4933.0,85.0,3,False
2009,MIN,13.419999999999998,14.754028742128211,0.532,0.5422751493621831,-1.1400000000000001,-0.6341999031164217,-0.76,-0.8781527531083481,20.1,20.208267398675925,1.222,1.0599434845793638,6193.0,97.0,5,False
2009,NJN,12.825,12.726331884757766,0.535,0.5397601802671818,-0.75,-0.6496217608240784,-0.65,-0.6916465475615644,16.475,16.760904554965396,1.325,1.4584902623531306,6213.0,56.0,4,False
2009,NOH,10.75,10.766212871287129,0.575,0.573378712871287,-2.75,-2.2798267326732673,0.4,0.39999999999999997,15.65,15.439232673267329,0.6799999999999999,0.7837623762376237,3232.0,29.0,2,True
2009,NYK,16.15,17.4742790073776,0.575,0.5629610999329309,1.3,1.877867203219316,0.0,-0.048155600268276325,22.200000000000003,23.837290409121398,1.58,1.8593024815560029,2982.0,12.0,2,False
2009,OKC,10.283333333333333,9.972604097818902,0.4883333333333333,0.4848215465961666,-3.1500000000000004,-3.1873430270984797,-0.44999999999999996,-0.48787177792465297,17.049999999999997,16.514540647719762,1.3716666666666668,1.5558840052875085,6052.0,79.0,6,False
2009,ORL,10.34,10.536277495769882,0.526,0.525673434856176,-1.6400000000000001,-1.6028595600676818,0.8800000000000001,0.8540609137055838,15.580000000000002,15.875583756345174,1.5100000000000002,1.5317123519458544,5910.0,60.0,5,True
2009,PHI,17.1,16.935072281583906,0.525,0.5219076052796983,0.2,0.3649277184160905,-0.65,-0.6190760527969831,24.799999999999997,25.397862979258328,1.125,1.2188026398491514,3182.0,2.0,2,True
2009,PHO,17.299999999999997,18.14327990135635,0.59,0.59,1.65,1.9511713933415535,-0.35,-0.3700780928894369,19.9,21.626715988491576,1.455,1.5814919852034526,2433.0,11.0,2,False
2009,POR,14.366666666666667,14.662994143484628,0.5399999999999999,0.5470278184480234,0.7666666666666667,0.993210102489019,-0.16666666666666666,-0.1306185944363104,19.633333333333333,19.902214494875548,1.6833333333333333,1.5430893118594438,5464.0,23.0,3,True
2009,SAC,10.5,11.128789237668162,0.5349999999999999,0.5234170403587444,-2.1,-1.7028699551569506,-0.75,-0.7996412556053812,14.0,15.323766816143499,1.61,1.8118744394618835,2230.0,30.0,2,False
2009,SAS,12.68,12.413664790494057,0.526,0.5277673545966228,-1.6800000000000002,-1.8002501563477173,1.7399999999999998,1.7388993120700438,16.54,15.976985616010005,1.64,1.6494324577861164,6396.0,37.0,5,True
2009,TOR,10.4,10.27099644128114,0.53,0.5291399762752077,-2.25,-2.219899169632266,-1.15,-1.1715005931198101,18.049999999999997,17.99409845788849,1.055,1.0881109134045077,3372.0,22.0,2,False
2009,UTA,14.45,14.42272604588394,0.56,0.5601160593792173,0.45,0.4447773279352227,0.9,0.8907152496626181,18.6,18.58026990553306,1.47,1.4703481781376517,3705.0,12.0,2,True
2009,WAS,12.72,13.008438033193736,0.5199999999999999,0.5260974096478982,-2.1,-1.8899643244920115,-1.2600000000000002,-1.3342950209399722,19.1,19.420583217000154,1.246,1.2017372421281216,6447.0,64.0,5,False
2010,ATL,15.299999999999999,16.238125496425734,0.5549999999999999,0.559539316918189,1.55,2.140111199364575,-0.8500000000000001,-0.9256552819698173,20.6,22.173629864972202,1.88,1.8436854646544878,3777.0,5.0,2,True
2010,BOS,12.059999999999999,12.206852367688022,0.52,0.5165366759517178,-1.98,-1.9479108635097493,0.54,0.7016341689879295,19.12,19.264419684308262,1.31,1.2915246053853298,5385.0,26.0,5,True
2010,CHA,11.3,11.280567951318458,0.5,0.5038864097363083,-1.6,-1.5805679513184583,-0.05000000000000002,0.018012170385395505,21.45,20.760162271805275,1.98,2.114081135902637,2465.0,3.0,2,True
2010,CHI,12.9,12.9,0.53,0.53,-1.4,-1.4,0.5,0.5,18.1,18.1,1.46,1.46,1950.0,37.0,1,True
2010,CLE,13.080000000000002,13.49901754385965,0.558,0.5601838596491228,-0.7,-0.6448701754385965,0.62,0.6800140350877194,15.48,15.424112280701753,1.6780000000000002,1.6049515789473685,7125.0,28.0,5,True
2010,DAL,14.350000000000001,14.841965337371699,0.525,0.5329816590947334,-0.8250000000000001,-0.13210499747602228,-0.5750000000000001,-0.4472320376914016,21.75,21.81987211845869,1.6875,2.04479892310281,5943.0,50.0,4,True
2010,DEN,14.375,14.859573396036277,0.5575,0.5632532751091702,0.04999999999999999,0.233154182062479,0.5,0.4423244877393348,17.075,18.283372522673833,1.7174999999999998,1.5036496472959355,5954.0,15.0,4,True
2010,DET,13.219999999999999,13.958569700228527,0.516,0.5211896760317247,-0.8400000000000001,-0.4983465519559081,-1.3199999999999998,-1.3007259040193575,19.860000000000003,20.802863288076356,1.626,1.4493641618497108,7439.0,93.0,5,False
2010,GSW,14.175,14.027697841726619,0.5525,0.5549064748201439,-0.8500000000000001,-0.8568585131894484,0.45,0.4484892086330935,16.05,15.888657074340527,1.875,2.0408057553956835,4170.0,47.0,4,False
2010,HOU,16.900000000000002,16.78256477821695,0.57,0.5681247255160299,1.1666666666666667,1.1258673693456305,-0.1333333333333333,-0.11477821695212996,20.6,20.477119016249453,1.7066666666666663,1.7602547211242863,4554.0,5.0,3,False
2010,IND,12.350000000000001,12.13601661392405,0.53,0.53,-1.3499999999999999,-1.6401503164556959,-0.525,-0.4803995253164557,21.175,20.898041930379748,1.4075000000000002,1.355943433544304,5056.0,53.0,4,False
2010,LAC,14.799999999999999,14.884212747994933,0.585,0.5856015196285352,-2.2,-2.1478682988602786,-0.09999999999999999,-0.0919797382861967,17.95,18.080329252849303,0.595,0.6080329252849304,2369.0,14.0,2,False
2010,LAL,13.533333333333333,13.945424552873762,0.53,0.5296075707588124,-0.43333333333333335,-0.2447820802222608,1.0333333333333334,1.1720784858482376,18.266666666666666,18.043236673033512,1.7066666666666668,1.727058517103664,5759.0,45.0,3,True
2010,MEM,10.4,11.396439790575917,0.48,0.49532984293193727,-3.0,-2.425130890052356,-0.75,-1.1140837696335077,19.05,20.21890052356021,1.115,0.9099633507853402,1910.0,2.0,2,False
2010,MIA,11.633333333333335,12.224443710068297,0.5216666666666666,0.5315388852170082,-1.7000000000000002,-1.512084159506499,0.4833333333333334,0.4594404053756334,15.233333333333334,15.13484247631637,1.795,1.7502225159726812,9078.0,77.0,6,True
2010,MIL,14.0,14.697479119210326,0.53,0.5345694760820046,-0.8800000000000001,-0.4619741837509492,0.42000000000000004,0.4378587699316629,19.72,20.029916476841304,1.366,1.529798025816249,6585.0,46.0,5,True
2010,MIN,13.139999999999997,13.4576459806232,0.542,0.5390861482063367,-1.3199999999999998,-1.1316967792615868,-0.86,-0.8525006546216286,18.08,18.276027755957056,1.242,1.291209740769835,7638.0,82.0,5,False
2010,NJN,12.32,12.164154572477704,0.502,0.4964976394474559,-1.9600000000000002,-1.9588039867109635,-0.8400000000000001,-0.8239727225039343,18.139999999999997,18.523255813953487,1.3820000000000001,1.4455079559363526,5719.0,64.0,5,False
2010,NOH,13.549999999999999,13.870682392586351,0.535,0.5367691659646168,-0.7750000000000001,-0.4843723673125526,-0.6000000000000001,-0.7155855096882897,19.825,20.12186183656276,1.6675,1.7278475147430497,7122.0,57.0,4,False
2010,NYK,15.4,15.730941054808687,0.535,0.540928645294726,0.37500000000000006,0.47172699069286456,-0.875,-1.0711892450879008,23.1,23.928603929679422,1.7075,1.4677621509824197,4835.0,43.0,4,False
2010,OKC,13.475,13.640097755249817,0.5549999999999999,0.5622845763939175,-1.725,-1.6421976828385227,0.75,0.8349927588703838,16.0,16.218193338160752,1.355,1.1646071687183202,5524.0,5.0,4,True
2010,ORL,13.266666666666666,13.305886879569066,0.5766666666666667,0.577391304347826,0.7999999999999999,0.8226625625240477,0.4666666666666666,0.4579261254328588,16.933333333333334,16.95765679107349,2.14,2.1488322431704505,5198.0,51.0,3,True
2010,PHI,12.933333333333335,12.964287729196053,0.53,0.5315148095909733,-1.2999999999999998,-1.2023413258110014,-1.7666666666666668,-1.7213822284908324,20.133333333333333,20.070014104372355,1.4166666666666667,1.557802538787024,3545.0,31.0,3,False
2010,PHO,14.133333333333333,14.084664612467408,0.57,0.5814245081772932,0.4666666666666666,0.7850675515525005,-0.43333333333333335,-0.15110215690922024,19.900000000000002,18.315785731215925,1.71,1.7478573121592795,4219.0,8.0,3,True
2010,POR,12.149999999999999,12.15332147093713,0.545,0.5414610517991302,-1.5,-1.3679517595887702,0.275,0.0849545274812179,16.7,17.333807829181495,1.1175000000000002,1.2211901937524712,5058.0,49.0,4,True
2010,SAC,12.05,12.176555164319248,0.515,0.5169982394366197,-0.8,-0.7333920187793428,-0.9500000000000001,-0.9300176056338029,20.15,20.050088028169014,1.0150000000000001,1.0023444835680753,3408.0,59.0,2,False
2010,SAS,16.2,16.900822784810128,0.5525,0.5536977848101265,1.125,1.493639240506329,0.7500000000000001,0.8281645569620253,20.2,20.939905063291143,1.75,1.8166772151898734,6320.0,57.0,4,True
2010,TOR,12.7,12.749925009373827,0.5525,0.5542369703787027,-1.025,-1.0557367829021371,-0.7749999999999999,-0.7550431196100487,17.275,17.094675665541807,1.27,1.2536164229471314,5334.0,35.0,4,False
2010,UTA,13.800000000000002,14.26709691070673,0.57,0.5642340245450698,-0.4666666666666666,-0.6247989843419383,0.4000000000000001,0.4775497249259416,18.46666666666667,18.766567922132882,1.5233333333333334,1.3912589928057555,4726.0,36.0,3,True
2010,WAS,12.216666666666667,13.556438969764839,0.48500000000000004,0.5000055991041433,-2.0,-1.4065649496080628,-0.4166666666666667,-0.4027295632698768,18.683333333333334,20.705697088465847,1.155,1.105496920492721,7144.0,95.0,6,False
2011,ATL,11.366666666666667,12.407606212882593,0.5333333333333333,0.5413704888076747,-1.7666666666666666,-1.0734810415714937,-0.6666666666666666,-0.9066468707172225,16.966666666666665,18.882777523983552,1.4866666666666666,1.4854454088624942,4378.0,19.0,3,True
2011,BOS,11.566666666666668,11.949656316662717,0.5133333333333333,0.5089997629770089,-2.1999999999999997,-2.3300071106897366,1.0,0.8926285849727422,19.233333333333334,19.796894998814885,1.43,1.3220004740459825,4219.0,24.0,3,True
2011,CHA,15.233333333333334,14.704652392281258,0.5266666666666667,0.5234945810203543,-1.4666666666666668,-1.4455194290245839,0.6666666666666666,0.5186360031720857,21.633333333333336,21.104652392281256,1.3133333333333332,1.443388844832144,3783.0,32.0,3,False
2011,CHI,13.700000000000001,13.713341067285384,0.5299999999999999,0.5292053364269141,-1.0333333333333334,-1.0611175560711523,1.9333333333333333,1.9688321732405258,16.333333333333332,16.279621036349575,1.7833333333333332,1.781796210363496,5172.0,20.0,3,True
2011,CLE,11.549999999999999,12.831445505432992,0.52625,0.53569531335748,-2.1375,-1.3088574250905498,-0.8875,-0.8977828997914608,18.25,19.105103720777084,1.3924999999999998,1.6321808802546371,9111.0,133.0,8,False
2011,DAL,14.85,15.267046181399515,0.5425,0.5444595113214789,-0.275,-0.019739030318536546,-0.025,-0.028860176538313926,20.625,21.512575156709733,1.4100000000000001,1.4853076627862352,7817.0,47.0,4,True
2011,DEN,16.4,16.126530612244895,0.5774999999999999,0.5680426716141002,1.025,1.096382189239332,0.25,0.005565862708719817,19.4,20.395779220779218,1.5124999999999997,1.7268228200371059,6468.0,40.0,4,True
2011,DET,13.180000000000001,13.36719649218964,0.53,0.5343340641271582,-0.9,-0.6492737736366128,-1.1800000000000002,-1.2677856947108797,19.919999999999998,20.476322280076737,1.19,1.1886119484790354,7298.0,73.0,5,False
2011,GSW,11.999999999999998,12.438986013986014,0.518,0.5298620823620823,-1.8200000000000003,-1.236091686091686,-0.54,-0.606954156954157,15.5,15.827972027972027,1.488,1.546961926961927,5148.0,40.0,5,False
2011,HOU,14.100000000000001,13.963695054945052,0.5299999999999999,0.5310027472527473,-0.36666666666666664,-0.33068681318681326,-0.75,-0.6961538461538461,19.116666666666664,18.91995879120879,1.6816666666666669,1.642815934065934,7280.0,52.0,6,False
2011,IND,11.77142857142857,12.16366282749019,0.4957142857142857,0.5071092266801671,-1.6428571428571428,-1.4340463232502214,-3.172065784643304e-17,-0.03497025692950263,17.45714285714286,17.662093405897984,1.3885714285714286,1.229105176559929,7901.0,75.0,7,True
2011,LAC,10.679999999999998,10.74534702769997,0.49000000000000005,0.4967226890756303,-2.0799999999999996,-2.074307500778089,-0.35999999999999993,-0.2687986305633364,19.02,18.828509181450357,1.2040000000000002,1.2500186741363213,6426.0,80.0,5,False
2011,LAL,13.775,14.581507050528788,0.5449999999999999,0.5499809048178614,-0.30000000000000004,0.19938307873090477,0.55,0.5524383078730906,17.45,17.860634547591065,1.6775,1.7319800235017626,6808.0,35.0,4,True
2011,MEM,15.566666666666665,15.34599758648431,0.53,0.5277373290426388,-0.7000000000000001,-0.702815768302494,1.2,1.078821399839099,21.099999999999998,21.16436041834272,1.08,1.0962208366854385,4972.0,57.0,3,True
2011,MIA,10.0,9.94320132927167,0.5666666666666667,0.5707283301024647,-1.4666666666666668,-1.4684297978399334,0.8999999999999999,0.9469537524231516,12.066666666666668,11.895375242315149,1.3766666666666667,1.4122902243145943,7222.0,72.0,6,True
2011,MIL,14.05,13.72901712887439,0.5325,0.5324592169657423,-0.6,-0.75452691680261,0.35000000000000003,0.26508972267536707,21.825,21.62952691680261,1.8924999999999998,1.909781810766721,4904.0,52.0,4,False
2011,MIN,10.366666666666665,10.505035111310326,0.5083333333333333,0.5110398924249215,-2.0333333333333337,-1.9987897803675478,-0.8666666666666668,-0.6954579411325267,17.433333333333334,17.135350366054084,1.375,1.3431151949798297,6693.0,51.0,6,False
2011,NJN,10.925,11.649669117647058,0.505,0.5068308823529412,-2.25,-1.6345220588235296,-0.85,-0.8630698529411766,17.450000000000003,18.311580882352942,1.5724999999999998,1.7671636029411764,5440.0,86.0,4,False
2011,NOH,13.133333333333333,12.805535055350553,0.5033333333333333,0.5068608328940433,-0.6333333333333334,-0.8872957301001582,-0.5,-0.5157617290458619,23.066666666666666,22.44372693726937,1.53,1.5649815498154984,3794.0,15.0,3,True
2011,NYK,13.666666666666666,13.893438556933482,0.5800000000000001,0.5698218714768885,-0.13333333333333333,0.04500563697857949,0.46666666666666673,0.23968432919954916,14.966666666666669,15.936933483652762,2.02,2.1110169109357386,4435.0,41.0,3,True
2011,OKC,13.6,14.101481281982226,0.6,0.6,-0.29999999999999993,-0.013439267438728694,0.6499999999999999,0.6410449771074602,14.65,15.518637220576352,1.435,1.468133584702397,3713.0,7.0,2,True
2011,ORL,10.82,11.801656206415622,0.504,0.5198186889818689,-1.1,-0.49166666666666664,0.45999999999999996,0.4897489539748954,17.6,18.06957810320781,1.486,1.471147140864714,5736.0,45.0,5,True
2011,PHI,14.549999999999999,15.296974281391831,0.5325,0.5333782148260212,-0.25000000000000017,0.03458396369137676,-0.07499999999999997,-0.02161875945537063,21.075000000000003,21.55801815431165,1.5375,1.5794024205748862,6610.0,32.0,4,True
2011,PHO,14.316666666666665,15.221491285545799,0.56,0.5732118988337047,-0.2833333333333333,0.16166950596252128,-0.28333333333333327,-0.19707770934346744,18.983333333333334,18.668968680382648,1.0966666666666667,1.1174446337308346,7631.0,42.0,6,False
2011,POR,12.266666666666666,12.53512620901156,0.49,0.49504600141542815,-1.2,-0.914626091059212,0.2666666666666667,0.3246048596367068,18.666666666666668,18.869238027836754,1.7833333333333332,1.8874286388299129,4239.0,35.0,3,True
2011,SAC,11.95,12.107384360091267,0.5225,0.5218294959551961,-0.5750000000000001,-0.5727442439327941,-0.725,-0.7281062020327732,17.825,18.027629122588674,1.1224999999999998,0.9668367558597801,4821.0,78.0,4,False
2011,SAS,13.500000000000002,13.60792242934456,0.5775,0.5793295249549008,0.14999999999999997,0.18188514732411307,0.275,0.2635147324113049,16.775,17.086545399879736,1.6425,1.658532772098617,6652.0,23.0,4,True
2011,TOR,14.05,14.093798853569567,0.54,0.5411985409067223,-0.425,-0.4319437206878583,-1.625,-1.595674830640959,20.3,20.03413236060448,1.445,1.4167378843147473,5757.0,59.0,4,False
2011,UTA,11.766666666666666,12.067648296171644,0.5299999999999999,0.5246381994110223,-1.0666666666666667,-0.9751367269667647,-0.7666666666666666,-0.7534707614640304,17.933333333333334,18.732667227597812,1.6166666666666665,1.637965923432899,4754.0,49.0,3,False
2011,WAS,12.4,12.364149198520346,0.52,0.5190937114673243,-2.033333333333333,-2.058076448828607,-0.9333333333333335,-0.9433415536374845,16.2,16.22016029593095,0.8133333333333335,0.8091491985203453,3244.0,48.0,3,False
2012,ATL,13.375,13.453799303944315,0.5425,0.5444518561484919,-0.7999999999999999,-0.8435904872389791,0.32499999999999996,0.3033932714617169,18.05,18.19431554524362,1.375,1.3446374709976798,3448.0,5.0,4,True
2012,BOS,9.9,10.173394495412845,0.535,0.5398820445609436,-2.2,-2.2195281782437744,0.5,0.5390563564875491,17.2,17.33669724770642,0.96,1.0010091743119265,2289.0,34.0,2,True
2012,CHA,13.48,13.725882352941175,0.502,0.4989167303284951,-0.96,-0.8655767761650114,-1.64,-1.5978456837280366,20.24,20.783193277310925,1.4899999999999998,1.5238884644767,6545.0,91.0,5,False
2012,CHI,15.25,15.13912095895387,0.56,0.5626879767526335,0.20000000000000007,0.2604794769342536,1.35,1.3399200871776245,16.950000000000003,16.83912095895387,1.4100000000000001,1.4577115873592443,2753.0,7.0,2,True
2012,CLE,12.64,12.860736912304102,0.502,0.5018706235411804,-1.7,-1.607935978659553,-1.16,-1.1152217405801934,18.8,18.878776258752918,1.21,1.1392597532510838,5998.0,67.0,5,False
2012,DAL,15.060000000000002,14.88552717747217,0.534,0.5313998035363457,-0.56,-0.33285854616895877,0.74,0.546627373935822,19.36,20.041470203012445,1.3459999999999999,1.4391994106090376,6108.0,29.0,5,True
2012,DEN,15.199999999999998,14.864827358334711,0.5359999999999999,0.5269139269783579,0.25999999999999995,0.23532132826697502,0.18,-0.1966297703618041,19.36,20.54475466710722,1.436,1.572293077812655,6053.0,27.0,5,True
2012,DET,11.325,11.863758389261745,0.485,0.49789848993288593,-1.7750000000000001,-1.5164010067114095,0.12500000000000006,-0.09404362416107377,15.100000000000001,16.158766778523493,1.1475,1.0935864093959733,4768.0,47.0,4,False
2012,GSW,14.280000000000001,14.576216968011126,0.538,0.5494251274918869,-0.23999999999999994,0.17283263792304135,-0.18000000000000002,-0.3908978519548756,17.86,18.390016998918252,1.686,1.677617060732499,6471.0,51.0,5,False
2012,HOU,14.25,14.319379968203497,0.53,0.5308282988871224,0.32500000000000007,0.31739268680445143,-0.3,-0.25220985691573927,19.2,19.23267090620032,1.5025,1.5283879173290937,6290.0,64.0,4,False
2012,IND,13.566666666666668,13.809660297239914,0.5333333333333333,0.5324893842887474,-0.3333333333333333,-0.28699575371549885,-0.09999999999999998,-0.1267515923566879,18.03333333333333,18.280944798301487,1.61,1.5711146496815287,3768.0,12.0,3,True
2012,LAC,12.45,13.012437810945274,0.485,0.49492537313432844,-1.05,-0.5096185737976784,0.15000000000000002,-0.1477611940298507,18.2,19.23665008291874,1.1600000000000001,1.3055721393034825,2412.0,1.0,2,True
2012,LAL,11.0,11.406138177814478,0.5266666666666667,0.5269391687310763,-1.3666666666666665,-1.2189650426644647,0.7333333333333334,0.7521056977704377,13.0,13.452958987063033,2.0933333333333333,2.0575612441508393,3633.0,21.0,3,True
2012,MEM,13.0,13.394944829355916,0.5233333333333333,0.5212240184757506,-0.5666666666666667,-0.3478316653836284,0.4333333333333333,0.444495765973826,16.900000000000002,18.178008724659993,1.1233333333333333,1.1744085193738774,3897.0,13.0,3,True
2012,MIA,9.975,9.879843137254904,0.4975,0.49026274509803924,-1.8750000000000002,-2.057549019607843,-0.04999999999999996,0.03258823529411766,15.225,14.934039215686276,1.395,1.3931392156862745,5100.0,24.0,4,True
2012,MIL,13.566666666666668,13.864252142659662,0.5366666666666667,0.5430024882499309,-0.0333333333333334,0.19726292507602974,-0.6333333333333333,-0.6574785734033729,17.233333333333334,17.404202377661043,2.2466666666666666,2.211575891622892,3617.0,30.0,3,False
2012,MIN,12.683333333333335,12.415975630394314,0.5033333333333333,0.500978168894906,-1.3999999999999997,-1.3496192249111525,-0.5333333333333333,-0.6658148586901338,20.35,20.37057031646641,0.94,0.9531443560670163,5909.0,42.0,6,False
2012,NJN,14.150000000000002,13.845201535508638,0.535,0.5317994241842611,-0.1499999999999999,-0.19198656429942426,-1.375,-1.4960652591170827,20.85,20.849760076775436,1.1975,1.1518498080614203,4168.0,35.0,4,False
2012,NOH,13.166666666666666,13.45226009911398,0.5183333333333334,0.5163823396906442,-1.4666666666666666,-1.2333833908995344,-0.08333333333333327,-0.020678780597687383,17.783333333333335,18.07654302447815,1.1300000000000001,1.2853416428893227,6659.0,89.0,6,False
2012,NYK,11.459999999999999,12.175375751503006,0.518,0.5313451903807616,-0.9,-0.2736222444889779,0.4,0.4027304609218437,18.14,18.18632264529058,1.154,1.1463502004008017,3992.0,22.0,5,True
2012,OKC,14.133333333333333,15.552593116454505,0.5966666666666667,0.6127039132484677,1.0333333333333332,1.61023102310231,0.06666666666666667,0.14422442244224423,15.433333333333332,16.41723243752947,1.3266666666666664,1.4043800094295145,4242.0,24.0,3,True
2012,ORL,11.350000000000001,11.983440575321724,0.5275000000000001,0.5308402725208176,-1.4249999999999998,-1.0802800908402725,0.07500000000000001,-0.08635503406510218,16.45,17.19190007570023,1.5875,1.6632229371688116,5284.0,47.0,4,True
2012,PHI,15.739999999999998,16.43882477983602,0.49800000000000005,0.5046856969328879,-0.48,0.172274521712724,0.62,0.602793805040996,20.66,21.797206194959003,1.7719999999999998,1.8966079562708775,6586.0,51.0,5,True
2012,PHO,13.200000000000001,13.12619958787165,0.5,0.4991639682072417,-1.0000000000000002,-1.0668825434206655,-0.9333333333333332,-0.7343244038857816,23.166666666666668,22.726464527524286,0.9533333333333333,0.9728495731527818,3397.0,28.0,3,False
2012,POR,12.6,13.639321192052979,0.495,0.5000289735099337,-1.5,-0.6618377483443708,0.45000000000000007,-0.10318708609271512,18.9,21.48153973509934,1.5899999999999999,1.6201738410596025,2416.0,9.0,2,False
2012,SAC,10.075,10.071709070796459,0.46499999999999997,0.4698451327433628,-2.15,-2.0715431415929206,-0.65,-0.7423396017699115,15.174999999999999,15.275248893805308,1.3124999999999998,1.3919911504424778,3616.0,28.0,4,False
2012,SAS,18.0,17.25446569178853,0.615,0.6088031496062992,2.4499999999999997,2.1662767154105738,0.4,0.3280314960629921,19.475,18.97100112485939,2.365,2.4580944881889764,4445.0,18.0,4,True
2012,TOR,14.624999999999998,14.333168316831683,0.535,0.5338802451673739,-0.025000000000000022,-0.34592173503064594,-0.42499999999999993,-0.2598538425271098,22.375,21.07894860914663,1.1925,1.0792951438000942,4242.0,23.0,4,False
2012,UTA,12.7,12.963639679066375,0.48,0.4833916849015317,-1.6,-1.5413202042304883,-0.39999999999999997,-0.3852844638949672,19.62,19.692815463165573,1.26,1.2165900802334062,5484.0,43.0,5,True
2012,WAS,13.65,13.743478260869566,0.545,0.5452173913043479,-2.2,-2.1652173913043478,0.05000000000000002,0.03478260869565219,15.45,15.569565217391306,0.615,0.61,2254.0,41.0,2,False
2013,ATL,13.274999999999999,13.405363443895556,0.5425,0.5427664079040226,-1.375,-1.3176429075511644,0.02499999999999998,0.031545518701482,18.275,18.38059280169372,1.1424999999999998,1.1627381792519405,4251.0,40.0,4,True
2013,BOS,13.766666666666666,13.85899772209567,0.5533333333333333,0.5589521640091116,-0.8333333333333334,-0.47494305239179957,0.03333333333333335,-0.05565679574791193,18.366666666666667,19.2705391040243,1.4166666666666667,1.4268109339407746,5268.0,46.0,3,True
2013,BRK,14.024999999999999,14.242748898678416,0.535,0.5360616740088107,-0.6499999999999999,-0.5327753303964757,0.05000000000000002,0.12311894273127755,17.8,18.07076651982379,1.2200000000000002,1.250902202643172,5675.0,60.0,4,True
2013,CHA,12.349999999999998,12.699183812276825,0.505,0.5095646998809726,-1.225,-0.9715864648869241,-2.125,-2.1506716544805307,19.975,20.68384628464547,1.3125,1.3737170549226323,5881.0,46.0,4,False
2013,CHI,14.35,14.457823039280518,0.535,0.537140589869065,-0.125,0.09381034254728213,0.47500000000000003,0.45840497288718424,19.125,19.19273905568047,1.69,1.764823436053432,7561.0,75.0,4,True
2013,CLE,13.5,13.545276709580339,0.5200000000000001,0.5248436716268183,-0.49999999999999983,-0.27239592041464633,-0.6666666666666666,-0.6243939140611938,18.349999999999998,18.40518307975255,1.9316666666666666,1.9288246112690188,5981.0,46.0,6,False
2013,DAL,16.05,16.072427311336163,0.5425,0.5423668735707285,0.3000000000000001,0.4732767069585104,0.625,0.6010290754655341,18.6,19.090819993466187,1.575,1.6114995099640639,6122.0,53.0,4,False
2013,DEN,16.925,16.62005700570057,0.5525,0.5481983198319832,0.5,0.4941494149414942,0.375,0.3575307530753076,21.275,21.017506750675068,1.315,1.490915091509151,6666.0,21.0,4,True
2013,DET,16.18,15.807707420281096,0.5239999999999999,0.5212981713767568,0.36000000000000004,0.2244823938340638,-0.4600000000000001,-0.5759407586519572,21.46,21.432189814115155,1.3439999999999999,1.4525872752002418,6617.0,36.0,5,False
2013,GSW,16.7,16.610437869822487,0.5700000000000001,0.5666414201183432,0.8,0.833585798816568,-0.6499999999999999,-0.6444023668639052,20.5,20.555976331360945,1.6849999999999998,1.8098272189349112,4225.0,6.0,2,True
2013,HOU,13.84,13.713604588635958,0.56,0.5609284818067755,0.13999999999999996,0.17246818426241262,0.26,0.14463165441835452,17.62,17.766481448288225,1.552,1.4909643305251838,5579.0,32.0,5,True
2013,IND,11.700000000000001,11.832398878654386,0.505,0.5069203043652384,-2.075,-2.1176211453744496,0.125,0.13880656788145776,18.525,18.47464957949539,0.995,0.9670684821786143,4994.0,22.0,4,True
2013,LAC,15.174999999999999,15.30842161727236,0.5175000000000001,0.5241746010459971,0.4750000000000001,0.6553439721067456,0.925,0.7176880783156767,19.974999999999998,20.3386214295293,1.5250000000000001,1.4966930400965537,7457.0,18.0,4,True
2013,LAL,11.6,12.145164336985266,0.5475,0.5497412164714771,-0.49999999999999994,-0.2604080090668681,-0.37500000000000006,-0.4228371741594258,14.45,15.379542878730636,2.0549999999999997,1.81449187759728,5294.0,38.0,4,True
2013,MEM,12.66,12.49097729896114,0.524,0.5220988841862254,-1.46,-1.2699115044247788,0.82,0.7196806464024624,17.32,17.864236244709502,1.3439999999999999,1.5293131973836092,5198.0,16.0,5,True
2013,MIA,11.7,11.683679290128348,0.575,0.5754270321660592,-0.12499999999999994,-0.21725558548565996,-0.4,-0.42360957059103155,15.424999999999999,15.672872761844399,1.94,1.8001346854698148,6311.0,41.0,4,True
2013,MIL,14.450000000000001,13.964169656045579,0.54,0.5455201519307872,-0.8749999999999999,-0.7600126608989238,0.0,0.0879299430259548,16.65,16.268432158683268,1.3599999999999999,1.3620679468242245,4739.0,35.0,4,True
2013,MIN,12.14,12.32740021574973,0.5119999999999999,0.4981297195253506,-1.58,-1.4826321467098167,0.23999999999999994,0.06895900755124051,17.6,18.786502157497306,1.468,1.4882551240560948,7416.0,59.0,5,False
2013,NOH,13.080000000000002,13.611403269754767,0.52,0.5217302452316076,-0.5,0.2514713896457763,-1.18,-1.3965940054495913,20.02,20.493583106267028,1.614,1.5771948228882833,7340.0,66.0,5,False
2013,NYK,14.675,14.987073246430791,0.575,0.5640782122905027,0.7250000000000001,0.9099317194289261,-0.525,-0.45851955307262565,19.125,20.00088454376164,2.22,2.28937461204221,6444.0,32.0,4,True
2013,OKC,14.8,14.97843506318903,0.615,0.6142565205700458,0.75,0.8912610916913148,0.20000000000000007,0.06617370260822812,16.25,16.956305458456573,1.375,1.331134713632697,3719.0,2.0,2,True
2013,ORL,13.025,13.331111539202466,0.525,0.5293835484492391,-0.7749999999999999,-0.5347524561741476,-0.8500000000000001,-0.9895010595261029,19.05,19.926276247351186,1.7525,1.7155191677904063,5191.0,63.0,4,False
2013,PHI,13.86,14.150079355390062,0.516,0.51495299719204,-0.9199999999999999,-0.8222683433036259,0.08,0.14305945549993893,18.6,18.761958246856306,1.734,1.7077414235136126,8191.0,123.0,5,False
2013,PHO,12.4,12.412324966974902,0.49,0.48557595772787326,-1.8166666666666667,-1.8985865257595773,-0.6166666666666666,-0.6185997357992076,21.749999999999996,22.0723249669749,1.095,1.0512681638044914,7570.0,101.0,6,False
2013,POR,9.55,10.047869177403369,0.53,0.5436669970267592,-3.1500000000000004,-3.0621407333994055,-0.3,-0.35857284440039644,13.9,13.900000000000002,0.855,0.8266897918731417,2018.0,25.0,2,False
2013,SAC,11.733333333333334,12.344619297408997,0.49333333333333335,0.5011667461452869,-1.3833333333333335,-0.8505484024797332,-0.7666666666666666,-0.9353202988396122,17.150000000000002,17.610077889047847,1.5283333333333333,1.5618915911619775,6291.0,55.0,6,False
2013,SAS,12.6,12.80164281928988,0.535,0.5418777601130542,-0.8500000000000001,-0.6927751280692458,0.55,0.6049991167638226,19.400000000000002,19.06322204557499,1.81,1.8736689630807277,5661.0,43.0,4,True
2013,TOR,12.65,13.554166666666669,0.52,0.5330446194225722,-1.0,-0.7743438320209973,-0.25,-0.07969160104986876,18.05,18.106332020997378,1.225,1.1926837270341208,6096.0,64.0,4,False
2013,UTA,13.885714285714286,14.590957159814398,0.51,0.5203172547750081,-1.0,-0.593568576669904,0.014285714285714337,0.03306355886478904,18.04285714285714,18.811719002913563,1.6028571428571428,1.5246325671738428,9267.0,85.0,7,False
2013,WAS,11.828571428571427,11.972685756603308,0.4957142857142857,0.49723278202912863,-1.7714285714285716,-1.813330041964947,0.21428571428571427,0.21117008146136756,19.357142857142858,19.801592199456923,1.3357142857142856,1.3589471735373981,8102.0,85.0,7,False
2014,ATL,13.520000000000001,13.770840222456036,0.548,0.5466300916879603,-0.76,-0.7245753795280325,-0.38,-0.3949496467758906,18.96,19.145813918532994,1.7120000000000002,1.785562903953104,6653.0,45.0,5,True
2014,BOS,12.87142857142857,12.971958709003005,0.5214285714285715,0.5193545015026787,-1.2285714285714284,-1.3883705736312555,0.42857142857142855,0.45958447667581337,17.014285714285712,16.922344178753427,1.5857142857142856,1.5704599503462695,7653.0,80.0,7,False
2014,BRK,13.566666666666668,14.19341701161704,0.5516666666666666,0.5547763386299907,-0.5833333333333333,-0.41045533449058624,-0.3833333333333333,-0.4201896114300974,18.166666666666668,18.863025771130992,1.2333333333333334,1.1424168780878623,7489.0,66.0,6,True
2014,CHA,12.725,12.765799404170803,0.55,0.54653227408143,-1.1,-1.1413505461767626,0.15000000000000002,0.14679245283018874,17.349999999999998,17.54315789473684,1.59,1.5859543197616683,10070.0,54.0,8,True
2014,CHI,13.6,14.462511491082921,0.5266666666666666,0.5302813017098732,-0.7333333333333334,-0.5124103695532266,0.20000000000000004,0.18363669792241222,20.133333333333333,20.996028681742967,1.58,1.501106821106821,5439.0,29.0,3,True
2014,CLE,12.257142857142858,12.796211375713442,0.5157142857142858,0.5162989568982483,-1.6,-1.2916355048218857,-0.09999999999999999,-0.17358787640228301,17.27142857142857,18.006268451092303,1.592857142857143,1.769463688250344,10162.0,138.0,7,False
2014,DAL,16.64,16.500599747474748,0.5740000000000001,0.5704261363636364,0.72,0.8087121212121212,-0.08,-0.08148674242424243,18.7,19.12672032828283,1.666,1.640295138888889,6336.0,21.0,5,True
2014,DEN,12.457142857142857,12.652517396643473,0.5142857142857143,0.5218897530358848,-1.2428571428571427,-1.4608814299358714,0.1142857142857143,0.0003683995088006534,18.74285714285714,18.98260335652886,1.3499999999999999,1.1606508391322146,7329.0,65.0,7,False
2014,DET,13.4,13.116307807526683,0.5299999999999999,0.5379310990451227,-0.8333333333333334,-0.8628159520689008,-1.3,-1.2229732259876427,20.7,19.69447668975847,1.4366666666666665,1.2747575360419396,5341.0,44.0,3,False
2014,GSW,12.425,11.865987376014427,0.515,0.5071722272317403,-1.65,-1.8112894499549148,0.7000000000000001,1.218449053201082,19.05,17.503155996393147,1.19,1.3203101893597835,5545.0,49.0,4,True
2014,HOU,12.183333333333332,12.507596371882087,0.5366666666666667,0.5415490362811791,-0.9,-0.7284722222222223,-0.16666666666666666,-0.1768990929705215,17.366666666666667,17.702862811791388,1.2766666666666666,1.3348696145124717,7056.0,61.0,6,True
2014,IND,12.200000000000001,12.235729166666665,0.5333333333333333,0.531640625,-2.6666666666666665,-2.6943489583333333,1.8,1.7377864583333333,17.26666666666667,17.533125000000002,0.9466666666666667,0.9289296875,3840.0,8.0,3,True
2014,LAC,13.533333333333333,15.086228139904609,0.5366666666666666,0.5502961049284579,0.3333333333333332,1.1653418124006358,-0.36666666666666664,-0.43539348171701114,21.066666666666666,22.23386327503974,1.76,1.82120826709062,5032.0,68.0,3,True
2014,LAL,14.225,14.649922377467288,0.535,0.5411366156575738,-1.0375,-0.7094810379241517,-0.5625,-0.7436571301840762,20.474999999999998,20.76631182080284,1.26375,1.2456919494344645,9018.0,115.0,8,False
2014,MEM,14.483333333333334,14.458886761890739,0.5333333333333333,0.5436754528051834,-0.8833333333333333,-0.7317479016345163,0.7666666666666666,0.6622883227801502,18.283333333333335,17.835782653512,1.6266666666666667,1.5376513031954055,6791.0,46.0,6,True
2014,MIA,13.520000000000001,12.965934527140458,0.5740000000000001,0.5719390039171797,-0.82,-0.8407946278679351,-0.1,-0.18854224958030222,17.199999999999996,16.543900391717962,1.314,1.4196656407386683,7148.0,23.0,5,True
2014,MIL,11.457142857142856,12.20875957499382,0.49428571428571433,0.5054978996787745,-1.8857142857142857,-1.7144675067951571,-1.3714285714285714,-1.0621571534469978,19.271428571428572,18.956115641215717,1.2899999999999998,1.2303249320484309,8094.0,110.0,7,False
2014,MIN,11.95,11.958928971543806,0.505,0.489984315482859,-1.45,-1.4091642393009187,0.07499999999999996,-0.12661886623347532,16.599999999999998,17.672260811113603,1.675,1.8734259466726417,4463.0,26.0,4,False
2014,NOP,12.52,13.635428483826459,0.536,0.529089376053963,-1.28,-0.7194542388471562,-0.36,-0.5614747815422351,17.740000000000002,19.70795646175073,1.636,1.680895293576575,6523.0,62.0,5,False
2014,NYK,13.820000000000002,14.211479897348159,0.5640000000000001,0.5750230966638152,-0.64,-0.3294610778443114,-0.32,-0.7163900769888795,16.14,17.144140290846877,2.0160000000000005,1.8389016253207868,5845.0,76.0,5,False
2014,OKC,12.674999999999999,13.04778653729533,0.5475000000000001,0.5441919345057612,-0.7000000000000001,-0.5415858095815647,0.39999999999999997,0.30542753183747723,17.0,17.83389933292905,1.9,1.9113326258338386,6596.0,36.0,4,True
2014,ORL,12.5,12.394312306101344,0.51,0.5100723888314375,-2.6666666666666665,-2.5991726990692867,0.3333333333333333,0.336142709410548,18.1,17.955894519131334,1.1433333333333333,1.2163443640124094,3868.0,27.0,3,False
2014,PHI,11.166666666666666,11.400927357032458,0.49,0.49152241112828443,-2.9,-2.743379701184956,-1.5,-1.5723596084492528,19.566666666666666,21.107779495105614,1.2633333333333334,1.2149536321483774,3882.0,20.0,3,False
2014,PHO,16.6,16.760738679483936,0.555,0.5554464963318999,0.7,0.7089299266379965,0.05,0.06339488995699469,21.549999999999997,21.697343789526943,0.96,0.9635719706551986,3953.0,1.0,2,False
2014,POR,11.8,11.8,0.51,0.51,-1.2,-1.2,-0.8,-0.8,20.5,20.5,2.15,2.15,1834.0,0.0,1,True
2014,SAC,10.666666666666666,10.913563535911603,0.48666666666666664,0.4959309392265193,-1.5666666666666667,-1.488950276243094,-0.5666666666666668,-0.5449171270718232,16.400000000000002,16.295165745856355,1.9333333333333333,1.6981767955801104,3620.0,29.0,3,False
2014,SAS,16.95,16.64472902221593,0.59,0.5900594311589076,1.775,1.6377387859063255,0.875,0.8378519881137682,20.825000000000003,20.46939295316259,2.025,2.00210980614122,7067.0,54.0,4,True
2014,TOR,13.05,12.874355148156042,0.5325,0.5298209337028353,-0.35,-0.3232359837987636,-0.04999999999999999,-0.05975271797058196,16.95,17.07341718183756,1.585,1.6736921765082073,4691.0,16.0,4,True
2014,UTA,15.866666666666667,15.810108303249098,0.54,0.5384223826714801,-0.5666666666666667,-0.536696750902527,-1.2,-1.3657039711191337,20.833333333333332,21.79166064981949,1.03,1.0103953068592058,5540.0,53.0,3,False
2014,WAS,10.6,11.155247376311845,0.55,0.5746776611694152,-1.6500000000000001,-0.6937406296851575,-0.65,-0.4340704647676162,18.7,16.23223388305847,1.255,1.5357083958020987,2668.0,13.0,2,True
2015,ATL,12.833333333333334,12.911910706417975,0.515,0.5166720516962844,-1.2,-1.202746365105008,-0.26666666666666666,-0.2817888089293582,19.266666666666666,19.713687766191804,1.8499999999999999,1.7966338669408137,6809.0,30.0,6,True
2015,BOS,15.266666666666666,15.15933236574746,0.5333333333333333,0.534368650217707,0.6,0.17767779390420899,0.4000000000000001,0.5997968069666183,20.966666666666665,20.33645863570392,1.5433333333333332,1.5477474600870826,3445.0,30.0,3,True
2015,BRK,11.6,12.089390612132856,0.53,0.536542684600604,-1.1,-0.8886769146307988,-0.4,-0.5590447433433983,17.7,18.284573153993964,1.432,1.4271644249245128,7286.0,94.0,5,True
2015,CHI,13.079999999999998,13.248782260996,0.532,0.5318296377075004,-0.78,-0.7171331636980492,-0.02,-0.04743729552889858,18.56,18.894656488549618,1.396,1.4016454622561492,8253.0,85.0,5,True
2015,CHO,11.049999999999999,11.23749198615207,0.49333333333333335,0.49906654699320424,-2.4833333333333334,-2.4222336196948326,0.11666666666666668,0.3215412232337479,18.23333333333333,17.45657135530196,1.53,1.6086357225285295,7799.0,95.0,6,False
2015,CLE,11.680000000000001,12.20319699106723,0.508,0.5213649898135089,-1.3800000000000001,-1.0899702241028053,-0.18,-0.46978530010970065,15.819999999999999,14.969895000783575,1.59,1.497777777777778,6381.0,56.0,5,True
2015,DAL,13.899999999999999,14.005974898356019,0.535,0.5354640268693655,-0.024999999999999994,0.02637440339402511,0.3,0.33565494078133284,17.425,17.500583348064346,2.22,2.2760226268340107,5657.0,34.0,4,True
2015,DEN,13.816666666666665,13.987866607116272,0.5083333333333334,0.5097945511389013,-0.7333333333333334,-0.6887598630340925,-0.26666666666666666,-0.2729343456900402,20.650000000000002,20.539273485186836,1.3166666666666667,1.2438663093642994,6717.0,92.0,6,False
2015,DET,13.1,12.818636728147554,0.554,0.5520417000801925,-0.27999999999999997,-0.39164394546912584,-0.29999999999999993,-0.3892542101042502,17.020000000000003,17.109478748997592,1.6079999999999999,1.6227522052927026,6235.0,45.0,5,False
2015,GSW,15.625,14.874929178470255,0.5425,0.5432011331444759,-0.65,-0.6867386685552408,0.42500000000000004,0.5617740793201134,19.475,18.360658640226628,1.9475,2.10758321529745,5648.0,15.0,4,True
2015,HOU,12.1,12.5685534591195,0.51,0.5212921669525443,-0.9500000000000001,-0.7432246998284735,0.35,0.355117209834191,18.849999999999998,19.186220697541454,1.4325,1.4410120068610635,5247.0,27.0,4,True
2015,IND,12.37142857142857,12.96099770503684,0.5242857142857142,0.5276059910617225,-1.1714285714285713,-1.0250996497161493,0.1142857142857143,0.19894914844788023,17.57142857142857,17.855175745863026,1.5071428571428573,1.515948786085276,8279.0,78.0,7,False
2015,LAC,12.333333333333334,13.041295116772824,0.5,0.5046974522292994,-1.2,-0.6804140127388536,-0.19999999999999998,-0.32667197452229296,21.5,22.514968152866242,1.7266666666666666,1.7129405520169851,3768.0,21.0,3,True
2015,LAL,14.550000000000002,15.298585457096094,0.5133333333333333,0.5233563245265374,-0.7666666666666667,-0.46785129763853167,-0.5666666666666667,-0.548971241524433,19.099999999999998,19.29189852700491,1.7616666666666667,1.7243126022913258,8554.0,118.0,6,False
2015,MEM,11.575,12.621685669572994,0.4925,0.5050704225352113,-1.675,-1.3648334451151354,0.10000000000000002,0.2879946344735077,17.175,17.779499217527388,1.9549999999999998,1.799729488039347,4473.0,18.0,4,True
2015,MIA,11.2125,11.415478592243891,0.5225,0.52270230889935,-2.05,-2.0901703653889263,-0.175,-0.12461331540013453,15.5125,15.917114996637526,1.46625,1.5557520735261154,8922.0,126.0,8,False
2015,MIL,13.725,13.396964931593018,0.55,0.5477559364679981,-1.175,-1.1530743827645855,0.8,0.6961157414687844,18.450000000000003,18.46071709388269,1.5025,1.5647994967762227,6359.0,52.0,4,True
2015,MIN,13.52,13.542070083046385,0.522,0.5220397002228074,-0.28,-0.18861656876645727,-1.9600000000000002,-1.974356896900952,18.84,19.008567956248736,1.6300000000000001,1.6678590236986022,4937.0,43.0,5,False
2015,NOP,11.533333333333333,11.863869236399122,0.48666666666666664,0.49043181263722857,-1.1666666666666667,-0.8637716516223468,-0.7333333333333334,-0.7910953891192973,17.0,17.100317150524518,1.7599999999999998,1.5361941937057821,4099.0,35.0,3,True
2015,NYK,13.2,12.874285425714575,0.52125,0.5176022623977375,-1.5625,-1.6115240884759117,-0.6875,-0.8419755580244419,18.2625,18.274093525906473,1.43625,1.5504363195636803,9901.0,145.0,8,False
2015,OKC,12.616666666666667,12.587432225775059,0.51,0.5139983317113861,-1.3333333333333333,-0.9093980258584735,-0.13333333333333333,-0.15624913109968022,17.500000000000004,17.727637981370776,1.3966666666666667,1.5602488530515777,7193.0,40.0,6,False
2015,ORL,10.625,10.61475662353666,0.5,0.5013616759088109,-2.825,-2.7964879852125692,0.14999999999999997,0.10477510782501538,16.125,16.299969192852743,1.1,1.1198367221195316,3246.0,31.0,4,False
2015,PHI,10.86,10.92550699800057,0.506,0.5082419308768923,-2.96,-2.835904027420737,-0.020000000000000007,-0.04144530134247359,18.020000000000003,17.901742359325908,0.9380000000000001,0.9600799771493859,7002.0,113.0,5,False
2015,PHO,16.119999999999997,15.85595703125,0.5559999999999999,0.548056640625,0.9800000000000001,1.0104980468750002,-0.15999999999999998,-0.28144531250000004,20.759999999999998,21.533658854166664,1.3900000000000001,1.4651123046874999,6144.0,48.0,5,False
2015,POR,13.675,13.48068253633874,0.5525,0.544345902675374,-0.95,-1.0639983147250898,0.35,0.2826416684221614,18.0,17.899073098799242,1.37,1.478575942700653,4747.0,23.0,4,True
2015,SAC,11.775,12.12988107608821,0.5175,0.5256471539083247,-1.275,-1.0251703036600854,-1.4,-1.3514374783512295,16.95,17.271654543355268,1.44625,1.3765777623830968,8661.0,85.0,8,False
2015,SAS,14.283333333333333,14.262815277444151,0.55,0.5496853230843143,-0.19999999999999998,-0.17541436464088392,0.18333333333333332,0.25482824885899596,19.650000000000002,19.523492673552727,1.8683333333333334,1.8749651693490272,8326.0,55.0,6,True
2015,TOR,16.25,16.08995088278242,0.565,0.5605588742864728,1.725,1.8279835390946502,-0.1,-0.24447099429178282,19.325,19.3728129563255,2.0175,2.0929709279171647,7533.0,50.0,4,True
2015,UTA,13.34,14.49134498171475,0.536,0.5513355004740621,-1.4,-0.870228904239469,1.22,1.3072328321820397,16.32,15.801774346471625,1.32,1.2987538940809968,7383.0,100.0,5,False
2015,WAS,12.56,12.568609935746748,0.514,0.517351512302147,-1.64,-1.5721987149349632,0.13999999999999999,0.13549600376116594,17.96,17.930841560883874,1.298,1.2581538943739226,6381.0,38.0,5,True
2016,ATL,13.459999999999999,13.57402815013405,0.558,0.5552010723860589,-1.04,-0.9152312332439679,0.5199999999999999,0.6463304289544235,18.04,18.63604222520107,1.6560000000000001,1.6991404155495977,5968.0,20.0,5,True
2016,BOS,13.4,13.162200888379424,0.5120000000000001,0.5107479581601949,-0.9200000000000002,-0.962645078091417,0.72,0.7865453503367243,18.699999999999996,18.268390886946555,1.658,1.7919916893537755,6979.0,34.0,5,True
2016,BRK,11.766666666666666,11.760602310231024,0.5233333333333333,0.5290367161716172,-1.5666666666666667,-1.4395214521452147,-1.2666666666666668,-1.4408003300330032,18.666666666666668,18.684715346534652,1.6199999999999999,1.55575701320132,4848.0,62.0,3,False
2016,CHI,11.040000000000001,11.379962642214299,0.5199999999999999,0.5250161317710987,-1.92,-1.6163355408388518,-0.9400000000000001,-1.153574460859229,17.76,18.19011716760061,1.614,1.495977245712345,5889.0,37.0,5,False
2016,CHO,14.559999999999999,14.324276075344391,0.518,0.5192071970761878,-0.8800000000000001,-0.8821619342142254,0.45999999999999996,0.3758644925499016,20.520000000000003,20.50718301939837,1.766,1.73024458813607,7114.0,40.0,5,True
2016,CLE,11.54,12.007175126229072,0.5459999999999999,0.5541854903002922,-1.1400000000000001,-0.9188413499867127,0.09999999999999998,0.05878288599521657,15.4,14.40693595535477,1.732,1.7458716449641245,7526.0,72.0,5,True
2016,DAL,13.466666666666667,13.334228449114615,0.5333333333333333,0.5279198287604593,-0.49999999999999994,-0.554816112084063,0.0,-0.10274372446001176,20.033333333333335,20.02712589998054,2.31,2.357600700525394,5139.0,47.0,3,True
2016,DEN,12.9,13.199391775750364,0.5,0.5100528890651858,-1.5333333333333332,-0.9147031601216449,-0.3499999999999999,-0.3753008065582441,19.933333333333334,19.777932037551235,1.5966666666666667,1.6273925690863413,7563.0,57.0,6,False
2016,DET,11.625,11.428492471888699,0.5175000000000001,0.5133409567371832,-1.45,-1.5878216123499145,0.07500000000000001,0.13104631217838766,16.275000000000002,16.561787688202784,1.4825,1.4016542786354107,5247.0,14.0,4,True
2016,GSW,13.849999999999998,13.401235051950596,0.5625,0.5638443442462262,-0.8500000000000001,-0.7689668692413252,0.675,0.8084101156635953,15.649999999999999,14.915722407371105,2.05,2.3034620662615177,5101.0,17.0,4,True
2016,HOU,12.566666666666665,12.495721711315474,0.5133333333333333,0.5128881780621085,-1.0166666666666666,-1.1797814207650275,-0.9833333333333334,-0.863427962148474,17.883333333333333,17.50243902439024,1.4466666666666665,1.4226669332267095,7503.0,83.0,6,True
2016,IND,13.85,13.878277217569646,0.5275000000000001,0.5284669287301317,-0.8999999999999999,-0.8877115023072979,0.1,0.08947188514783798,19.099999999999998,18.930541787728593,1.1975000000000002,1.1720799863271236,5851.0,64.0,4,True
2016,LAC,11.475000000000001,11.961657681940702,0.5325,0.5265026954177898,-1.625,-1.2931940700808624,0.04999999999999999,-0.159366576819407,18.849999999999998,19.923012129380055,1.3599999999999999,1.386098382749326,5936.0,31.0,4,True
2016,LAL,11.7,12.454098039215689,0.514,0.5288098039215687,-1.7200000000000002,-1.418450980392157,-0.8800000000000001,-0.7852745098039217,15.5,15.184039215686276,1.6199999999999999,1.5504882352941176,5100.0,29.0,5,False
2016,MEM,15.1,15.234638228941684,0.5366666666666666,0.5369141468682506,-0.43333333333333335,-0.49114470842332614,-0.16666666666666663,-0.18107451403887684,20.2,20.292980561555076,1.4766666666666666,1.4408882289416847,3704.0,25.0,3,True
2016,MIA,10.52,10.12102111566341,0.526,0.5171194453198864,-1.9600000000000002,-2.177387330601954,0.07999999999999996,0.16868893791364636,15.720000000000002,15.398597541758589,1.6320000000000001,1.490452253387961,6346.0,34.0,5,True
2016,MIL,15.5,14.814604462474644,0.575,0.573894523326572,-0.5,-0.3452332657200811,0.15000000000000002,-0.10425963488843813,17.75,17.45152129817444,1.515,1.668661257606491,2465.0,19.0,2,False
2016,MIN,13.483333333333334,14.371375893062918,0.5433333333333333,0.558259967734501,-0.5499999999999999,-0.20868863793500805,-1.0333333333333334,-1.0196012906199585,19.23333333333333,19.81065913805024,1.5600000000000003,1.3507179073519244,8678.0,84.0,6,False
2016,NOP,15.8,16.643407332660612,0.5375000000000001,0.5388765556676757,0.8750000000000001,1.3473763874873865,-1.025,-1.1235284224688866,22.625,23.845240497813656,1.975,1.842605112680794,5946.0,61.0,4,False
2016,NYK,12.625,12.618475024809792,0.52,0.5173503142573602,-1.175,-1.1706417466093286,-0.575,-0.4379589811445584,18.7,18.421270261329806,1.9200000000000002,2.099000992391664,6046.0,27.0,4,False
2016,OKC,14.033333333333333,15.03827413479053,0.5466666666666666,0.5484039162112933,-0.3333333333333333,-0.10737704918032816,-0.9666666666666667,-1.0661429872495447,18.233333333333334,19.449043715846994,1.2433333333333334,1.0146493624772313,4392.0,16.0,3,True
2016,ORL,12.4,13.267631527478974,0.5125000000000001,0.5228065714844515,-1.75,-1.2976725992567963,-0.1,-0.10054762370428318,17.1,17.630999413260316,1.8875,1.7167005671816937,5113.0,50.0,4,False
2016,PHI,13.825,11.810394265232974,0.5375,0.5247996089931575,-0.7,-1.39079504724666,-1.075,-1.0899478657543173,18.475,17.279749103942653,1.7275,1.7189214727924405,6138.0,81.0,4,False
2016,PHO,13.76,13.957417929292928,0.54,0.5427777777777778,-0.38000000000000006,-0.13151830808080825,-0.48,-0.5206755050505051,20.0,20.206739267676767,1.3279999999999998,1.3043970959595959,6336.0,63.0,5,False
2016,POR,13.680000000000001,13.741910112359552,0.564,0.5662446941323347,-0.52,-0.4968039950062423,-0.09999999999999998,-0.06197253433208486,16.459999999999997,16.321897627965043,1.252,1.2777303370786515,8010.0,32.0,5,True
2016,SAC,13.62,13.726708621774701,0.564,0.5626041535556954,-0.2800000000000001,-0.27744493392070485,-0.8400000000000001,-0.8188294524858402,17.9,18.10834487098804,1.504,1.525370673379484,7945.0,66.0,5,False
2016,SAS,15.38,15.316249451032059,0.5579999999999999,0.55743961352657,0.13999999999999999,0.1585858585858586,1.9,1.8175230566534915,18.54,18.484233640755377,2.1399999999999997,2.1935177865612645,6831.0,37.0,5,True
2016,TOR,12.7,12.630612780475005,0.545,0.5434496785198795,-0.4750000000000001,-0.49269124786773394,0.175,0.1653457551502428,14.899999999999999,14.883532344836635,1.4125,1.4458089489568298,7621.0,33.0,4,True
2016,UTA,12.919999999999998,12.906731068868806,0.53,0.5300825802430663,-0.62,-0.6956995948893736,0.12000000000000002,0.19068245559364289,19.439999999999998,18.778529136802742,1.298,1.2890479900280463,6418.0,40.0,5,False
2016,WAS,15.4,15.633127802690582,0.56,0.56,-0.4000000000000001,-0.32777466367713004,-0.06666666666666665,-0.03705156950672647,21.3,21.44464686098655,1.6966666666666665,1.75554932735426,3568.0,18.0,3,False
2017,ATL,11.76,12.33468416735029,0.548,0.5462461033634126,-1.64,-1.3388187038556192,0.48,0.32995898277276453,17.42,18.585184577522558,1.684,1.6909319114027892,6095.0,45.0,5,True
2017,BOS,11.56,11.752991123118488,0.5280000000000001,0.5250662549852052,-1.8199999999999998,-1.7878425318409878,0.09999999999999998,0.18213045156310304,16.88,17.269702817445,1.9060000000000001,1.9408606715553842,7773.0,56.0,5,True
2017,BRK,11.628571428571428,11.435380416240191,0.5542857142857143,0.5483611964062322,-1.6428571428571428,-1.8013306038894576,-0.4142857142857143,-0.49409757761856027,17.414285714285715,17.88363470942795,1.4928571428571427,1.5309496190151255,8793.0,113.0,7,False
2017,CHI,11.266666666666667,11.783814137855098,0.5255555555555556,0.5321460030830213,-2.111111111111111,-1.7715921603171108,0.14444444444444446,0.13727152609557364,16.77777777777778,17.025853336269545,1.4166666666666667,1.3767705351244222,9082.0,97.0,9,True
2017,CHO,14.0,13.87084347701561,0.5466666666666667,0.541059716454246,-1.1500000000000001,-0.8492195331519404,0.050000000000000024,-0.167735930115996,19.650000000000002,20.22298439066304,1.9433333333333334,2.059114993555778,6983.0,36.0,6,False
2017,CLE,11.6,11.059659090909092,0.6,0.5858918732782369,-0.375,-0.8438016528925618,-0.625,-0.4663050964187328,15.325,15.041735537190082,1.2349999999999999,1.2561725206611571,5808.0,60.0,4,True
2017,DAL,14.075000000000001,13.318021932547072,0.5375,0.5358617835712807,-0.35,-0.895075522449824,0.225,0.42538795779019245,18.55,17.15754189944134,2.055,1.8777839851024212,4833.0,44.0,4,False
2017,DEN,13.775,14.010087232355275,0.55,0.5446471054718478,0.30000000000000004,0.34099920697858843,-1.025,-1.2050594766058682,20.5,21.168374306106266,1.495,1.5410214115781125,6305.0,69.0,4,False
2017,DET,12.179999999999998,12.5961884057971,0.5159999999999999,0.511004347826087,-1.9000000000000004,-1.7356666666666667,0.86,0.7616231884057971,16.02,16.906608695652174,2.102,2.130753623188406,6900.0,74.0,5,False
2017,GSW,11.0,11.635114330993888,0.5766666666666667,0.585322617160969,-1.5333333333333332,-1.1352048901969662,0.7666666666666667,0.9455512791487435,12.033333333333333,11.91831559882273,2.9,3.142528865745981,4417.0,23.0,3,True
2017,HOU,14.38,14.327414465136423,0.5780000000000001,0.57609065973726,-0.3000000000000001,0.10267070882055723,-0.09999999999999995,-0.3587411577883643,17.44,18.2929262306915,1.536,1.5460473509455754,6927.0,47.0,5,True
2017,IND,11.175,11.414532813294896,0.535,0.5426521960318805,-1.4000000000000001,-1.1876038663727322,-0.375,-0.23628963879938947,17.55,16.951263354247924,1.4875,1.4885806342207901,5897.0,89.0,4,True
2017,LAC,12.95,12.55170209809643,0.5375,0.5345588439627623,-0.775,-0.8938446574961789,-0.47500000000000003,-0.5632763651521467,20.775,20.711365846880646,1.6925,1.7305599555370292,7197.0,43.0,4,True
2017,LAL,16.96,16.498055315471042,0.5640000000000001,0.5609464131374244,0.24000000000000007,0.3509075194468453,-0.4600000000000001,-0.5781186977816192,20.66,21.261322385479694,1.232,1.2959910688562373,6942.0,54.0,5,False
2017,MEM,11.98,12.285535322226526,0.524,0.5232713418571613,-1.0,-0.9382668216453571,-0.22000000000000003,-0.1538550949244479,19.04,19.15459124370399,1.6439999999999997,1.687720521761591,7743.0,69.0,5,True
2017,MIA,15.166666666666666,15.439042165538783,0.5533333333333333,0.5524414367516919,0.7666666666666667,0.7573659552316502,0.6,0.758719416970328,20.266666666666666,20.517126496616346,2.146666666666667,2.1496980739198337,5763.0,18.0,3,False
2017,MIL,14.34,14.787510361978446,0.5660000000000001,0.5663843603205305,-0.36,-0.20270793036750478,-0.4600000000000001,-0.32137330754352034,19.4,19.29244266371926,1.78,1.9131113567283777,7238.0,36.0,5,True
2017,MIN,11.333333333333334,11.506734340183213,0.5099999999999999,0.5120103986135182,-1.9333333333333333,-1.8278039118593712,-0.3,-0.43550383758356015,17.366666666666664,17.58816538747215,1.36,1.32526863084922,4039.0,9.0,3,False
2017,NOP,13.1,13.069423558897242,0.525,0.526482873851295,-1.9500000000000002,-1.6523809523809525,0.24999999999999997,0.18220551378446115,18.875,18.922807017543857,1.7125,2.00296574770259,4788.0,49.0,4,False
2017,NYK,13.466666666666669,13.950315648085963,0.525,0.5298455339153795,-1.2833333333333332,-1.0071994627266623,-0.20000000000000004,-0.17198119543317664,16.95,17.263129617192746,1.6933333333333334,1.6928341168569512,7445.0,73.0,6,False
2017,OKC,11.8,12.970958083832334,0.522,0.5365621697780909,-1.46,-1.0066924973582247,-0.32,-0.2957555477280733,16.7,17.312099330750264,1.658,1.4471239873194788,5678.0,18.0,5,True
2017,ORL,11.220000000000002,11.183522297808013,0.53,0.5275419501133787,-2.4200000000000004,-2.4835071806500375,-0.5999999999999999,-0.6565986394557823,17.279999999999994,17.11736961451247,1.528,1.468436885865457,6615.0,77.0,5,False
2017,PHI,11.5,11.521448912176785,0.5316666666666666,0.5299453240688005,-1.7166666666666668,-1.653821619774462,-0.6,-0.7276341268937239,18.400000000000002,19.20623077799294,1.6349999999999998,1.5121255268253788,8779.0,130.0,6,False
2017,PHO,13.299999999999999,12.915610663360198,0.5385714285714285,0.5341859888406696,-1.3000000000000003,-1.3693490390576566,-0.5285714285714286,-0.3739615623062616,17.228571428571428,17.00028518288903,1.3714285714285714,1.402510849349039,8065.0,86.0,7,False
2017,POR,10.94,11.048830561330561,0.534,0.5371764553014554,-2.04,-1.7639553014553013,-0.34,-0.2824064449064449,15.26,15.588721413721414,1.49,1.5391632016632018,7696.0,68.0,5,True
2017,SAC,12.971428571428572,12.754462314727215,0.5542857142857144,0.5527656890570798,-1.1428571428571428,-1.1005255965520868,-0.5428571428571428,-0.40926101124776626,17.82857142857143,17.3956165247556,1.5214285714285716,1.6581099547986966,9513.0,126.0,7,False
2017,SAS,14.7,14.769602429596908,0.572,0.5728492545554943,-0.74,-0.6110712313638874,1.3,1.225538376587521,17.419999999999998,17.52011319712866,1.7139999999999997,1.7666744892324684,7244.0,63.0,5,True
2017,TOR,13.680000000000001,13.44929112181693,0.5700000000000001,0.5606579490708878,-0.27999999999999997,-0.328121128699243,0.6000000000000001,0.41306262904335866,16.259999999999998,16.509580178940126,1.556,1.6718389538885063,7265.0,54.0,5,True
2017,UTA,10.72857142857143,10.940023549561122,0.5185714285714286,0.5278773281952474,-1.8142857142857143,-1.554313851423678,0.32857142857142857,0.49041961036180687,18.585714285714285,17.910254763433954,1.5928571428571427,1.7081053307642906,9342.0,112.0,7,True
2017,WAS,11.200000000000001,10.387934186471664,0.5366666666666667,0.529926873857404,-2.6333333333333333,-2.844058500914077,0.30000000000000004,0.17751371115173675,15.766666666666666,15.340219378427788,1.0166666666666666,1.0138025594149909,2735.0,6.0,3,True
2018,ATL,12.900000000000002,13.501182519280205,0.5585714285714286,0.5590449871465295,-0.8285714285714286,-0.8552827763496145,-0.6857142857142857,-0.5804241645244216,18.085714285714285,18.34894601542417,1.8299999999999998,1.7561709511568122,7780.0,60.0,7,False
2018,BOS,11.25,11.931303793433216,0.5025,0.5051418552757412,-1.4749999999999999,-1.1097226649665284,0.5,0.611475932419509,17.95,18.65074912336627,1.745,1.9019062798852406,6274.0,48.0,4,True
2018,BRK,13.3,13.420334387708992,0.5775,0.5787693929808706,-0.8999999999999999,-0.7439373399608374,-0.09999999999999999,-0.13631571019731886,17.450000000000003,17.74106040066275,1.1925000000000001,1.2530109956318722,6639.0,63.0,4,False
2018,CHI,12.666666666666666,13.34741291849848,0.5333333333333334,0.5360105963251044,-1.7833333333333332,-1.3199864727764627,-0.5333333333333333,-0.46628339533310786,17.55,18.05957614699583,1.83,1.9994983654604896,8871.0,116.0,6,False
2018,CHO,13.420000000000002,13.984843205574913,0.542,0.5448558758314856,-1.08,-0.44184352233132723,0.26,0.0844789356984479,17.300000000000004,18.569559708584094,1.8540000000000003,1.9338675958188152,6314.0,26.0,5,False
2018,CLE,14.425,14.38251849179145,0.5825,0.5896698538697456,0.024999999999999988,0.11432437308316795,-1.1749999999999998,-1.2221721089662638,18.05,18.031445065848818,1.3525,1.3584827710626015,5543.0,43.0,4,True
2018,DAL,14.442857142857145,14.724606899788782,0.5542857142857144,0.5678913400610185,-0.9142857142857144,-0.34400375498709224,0.6142857142857144,0.2513259798169444,17.1,17.765195963388877,1.9599999999999997,2.1506559493076742,8522.0,100.0,7,False
2018,DEN,14.62,15.679779518421816,0.5559999999999999,0.5639454598201334,-0.2,0.4640557006092254,-0.5000000000000001,-0.29762111981433126,19.02,19.569234116623154,1.6099999999999999,1.7698723527705253,6894.0,73.0,5,False
2018,DET,13.799999999999999,13.98191145734372,0.5800000000000001,0.5778567357020711,0.0,0.03397301919057575,0.03333333333333335,0.044100323009690294,17.599999999999998,17.796237887136616,2.28,2.3615618468554054,5263.0,58.0,3,False
2018,GSW,10.049999999999999,10.245680705190988,0.5275000000000001,0.5319510284035259,-2.4499999999999997,-2.2147894221351616,-0.35,-0.33390793339862873,14.625,14.531949069539667,2.2,2.2507541625857,5105.0,32.0,4,True
2018,HOU,11.974999999999998,11.674538106235566,0.5725,0.5700043302540415,-0.125,-0.23084584295612004,-0.0500000000000001,-0.0252886836027714,17.599999999999998,17.029893187066975,0.9325,0.9755874711316397,6928.0,81.0,4,True
2018,IND,13.633333333333333,13.445485519591141,0.5233333333333333,0.5215843270868824,-1.3,-1.335434412265758,-0.16666666666666666,-0.13577512776831346,19.500000000000004,19.19403747870528,1.9233333333333331,1.989795570698467,5870.0,43.0,3,True
2018,LAC,13.959999999999999,16.255128008585004,0.534,0.5526030967346314,-0.86,0.7313965966579794,0.09999999999999995,-0.3739843630231488,19.419999999999998,22.285712095661506,1.7400000000000002,1.667505748888548,6523.0,60.0,5,False
2018,LAL,14.280000000000001,14.529082096334443,0.5640000000000001,0.5644819751590427,-0.32,0.09810663435322631,0.22000000000000003,-0.13430778551953954,18.38,19.674886398061194,1.582,1.4738836716146622,6602.0,86.0,5,False
2018,MEM,11.524999999999999,11.409444783404513,0.55,0.5461732763880415,-1.9625000000000001,-2.2079072605247103,-0.8250000000000002,-0.6544722391702257,17.675,17.5460158633313,1.32125,1.2675167785234898,8195.0,112.0,8,False
2018,MIA,14.375,14.265623179965056,0.5675,0.5691817122888759,-0.30000000000000004,-0.17514560279557376,0.6,0.5410308677926616,17.8,17.916249271986022,1.5875,1.5807818870122305,6868.0,68.0,4,True
2018,MIL,10.549999999999999,11.24549142541029,0.5116666666666666,0.5239553752535497,-2.033333333333333,-1.7639129633044441,-0.43333333333333335,-0.5933800479439424,14.866666666666665,15.685967176839387,2.021666666666667,1.951445694265167,5423.0,43.0,6,True
2018,MIN,13.6,13.572012362637361,0.5525,0.5512963598901099,-0.42500000000000004,-0.40266140109890114,-0.175,-0.25716002747252753,16.75,17.022699175824172,2.2075,2.2291122939560437,5824.0,32.0,4,True
2018,NOP,10.46,10.077844978513449,0.546,0.5560321502466975,-1.44,-1.5201177781314659,-0.45999999999999996,-0.5349992042018143,14.959999999999999,14.599681680725768,1.9439999999999997,1.9403055865032628,6283.0,40.0,5,True
2018,NYK,13.666666666666664,13.122778053624629,0.5416666666666666,0.5365206057596822,-0.5833333333333334,-1.0202209533267133,-0.33333333333333326,-0.24646226415094333,18.500000000000004,18.3631454816286,1.8349999999999997,1.661393992055611,8056.0,90.0,6,False
2018,OKC,12.05,12.432127031019201,0.5575,0.5596565731166914,-0.8499999999999999,-0.7548190546528804,0.35,0.33386262924667653,14.974999999999998,15.198633677991134,1.7149999999999999,1.6935782865583457,5416.0,14.0,4,True
2018,ORL,12.86,13.29243524736193,0.544,0.5512649033849528,-1.58,-1.3074277100178155,-0.18,-0.20901740441277233,16.52,16.971604769083182,1.8479999999999996,1.8367260518021105,7297.0,106.0,5,False
2018,PHI,12.299999999999999,12.224790562489314,0.5633333333333334,0.5582236279705933,-1.5833333333333333,-1.7127372200376132,0.85,1.0658061207043938,14.733333333333333,14.571653274063944,1.915,2.0635134210976234,5849.0,39.0,6,True
2018,PHO,12.459999999999999,11.701387088410682,0.534,0.5352644542390459,-1.18,-1.5115374643505315,-1.1,-1.1439719989629247,19.619999999999997,18.885467980295566,1.282,1.1037477313974593,7714.0,110.0,5,False
2018,POR,11.625,11.96486730456761,0.5425,0.5472702653908649,-2.025,-1.818342661130168,0.5249999999999999,0.5581873984473732,15.1,15.122549196605883,1.3450000000000002,1.3863729915147138,5539.0,15.0,4,True
2018,SAC,14.34,14.783750937734435,0.528,0.5348162040510128,-0.74,-0.3937584396099024,-0.36,-0.38229557389347335,19.580000000000002,20.076669167291822,1.61,1.5295978994748687,6665.0,60.0,5,False
2018,SAS,12.9,12.620636678200693,0.536,0.5392055363321799,-1.3399999999999999,-1.2764429065743943,-0.22000000000000003,-0.23785467128027682,20.22,19.793093425605537,1.9120000000000001,1.9187044982698962,7225.0,75.0,5,True
2018,TOR,14.316666666666668,14.638924605493862,0.5633333333333334,0.5672741087083578,-0.06666666666666672,0.05871420222092346,0.8333333333333334,0.9045821157218003,18.000000000000004,17.82372881355932,1.9683333333333337,2.01273056691993,8555.0,30.0,6,True
2018,UTA,12.833333333333334,12.921776504297993,0.5483333333333333,0.5504921624810382,-0.7000000000000001,-0.6480195516602056,0.6333333333333333,0.618270689364571,18.933333333333334,19.07289735378392,1.3233333333333335,1.335032867015001,5933.0,45.0,6,True
2018,WAS,13.633333333333333,13.441799242424244,0.5833333333333334,0.5766458333333333,-0.4666666666666666,-0.5868939393939394,-0.23333333333333336,-0.17958333333333337,17.7,17.786079545454545,1.9133333333333333,1.8581515151515149,5280.0,42.0,3,True
2019,ATL,13.62,13.46367760471798,0.55,0.5474156963556631,-0.78,-1.0594132768788749,-0.5,-0.3671404808710116,18.7,18.78253440193558,1.4839999999999998,1.4488946015424162,6613.0,67.0,5,False
2019,BOS,14.0,14.00848465873513,0.5475,0.5443847839699436,-0.925,-0.7900907952410771,0.2,0.1756105197244834,18.725,19.32781778334377,1.9875000000000003,2.065599561678147,6388.0,75.0,4,True
2019,BRK,12.714285714285714,13.030758849787189,0.5457142857142857,0.5508709643932316,-1.0714285714285714,-0.9130281324613307,0.14285714285714285,0.04478355652444721,18.37142857142857,18.60419391674452,1.5385714285714285,1.5367102667912385,9633.0,81.0,7,True
2019,CHI,11.671428571428569,12.135722734800094,0.53,0.5423728412585759,-2.4285714285714284,-2.209179086822806,-0.557142857142857,-0.43144073811213624,17.057142857142857,16.60961674946771,1.9285714285714288,2.1032091317719424,8454.0,135.0,7,False
2019,CHO,13.666666666666664,13.48163909774436,0.5483333333333333,0.5451157894736842,-0.9166666666666666,-1.009218045112782,-1.1166666666666667,-0.9682255639097744,19.96666666666667,19.560887218045114,1.9666666666666666,1.9224225563909776,6650.0,41.0,6,False
2019,CLE,15.120000000000001,15.99898379970545,0.562,0.5614403534609721,-0.24,0.365537555228277,-1.3199999999999998,-1.1716936671575848,18.86,20.05061855670103,1.81,1.749648011782032,6790.0,69.0,5,False
2019,DAL,13.516666666666666,13.746015192481009,0.5483333333333335,0.5627204840993948,-0.7833333333333333,-0.7054589931762585,-0.016666666666666646,0.2849233938457577,18.966666666666665,17.443749195313508,1.866666666666667,1.713980945023819,7767.0,88.0,6,False
2019,DEN,13.716666666666667,14.03627235644807,0.5683333333333334,0.5734640727957326,-0.55,-0.35974270473799813,0.25000000000000006,0.3160025101976781,16.666666666666664,16.554680472753894,2.375,2.5729839974898026,9561.0,105.0,6,True
2019,DET,11.05,11.114460511679646,0.5125,0.5174879495736003,-1.4500000000000002,-1.285465331850204,-0.049999999999999975,-0.19191694475342974,18.3,18.04860956618465,2.53,2.6887096774193546,5394.0,21.0,4,True
2019,GSW,13.899999999999999,14.120900076277652,0.595,0.5985888634630053,-0.44999999999999996,-0.32482837528604114,0.6,0.6606979405034324,12.600000000000001,12.487719298245615,2.9175,2.966926010678871,5244.0,43.0,4,True
2019,HOU,10.6,10.47274163813537,0.5733333333333334,0.5654938109033448,-1.0,-1.0790624176981827,-0.9666666666666667,-1.0296286542006847,15.833333333333334,16.12401896233869,1.6733333333333331,1.6921253621279957,3797.0,26.0,3,True
2019,IND,14.0,14.242390486226101,0.5499999999999999,0.5466370615685684,-0.775,-0.7338401324702696,0.44999999999999996,0.6427668222188769,19.974999999999998,19.616272768327562,2.1075,2.2370435044407646,6643.0,33.0,4,True
2019,LAC,22.299999999999997,22.343724403758127,0.595,0.5967887256082872,3.45,3.416212960732354,-0.7000000000000001,-0.6443507588532884,27.95,27.77311491206938,1.75,1.7301252710190316,4151.0,6.0,2,True
2019,LAL,12.940000000000001,12.035238866396762,0.578,0.5642672064777328,-1.44,-1.3973765182186233,0.4,0.3858785425101215,16.080000000000002,16.137473684210526,1.292,1.4380761133603237,6175.0,66.0,5,False
2019,MEM,14.833333333333334,14.137933500178764,0.5499999999999999,0.5430854486950304,-1.4666666666666666,-1.643582409724705,0.7000000000000001,0.4654987486592778,19.466666666666665,19.267786914551305,1.7133333333333336,1.8319878441186985,2797.0,8.0,3,False
2019,MIA,14.88,15.226147603347703,0.568,0.571243976667512,-0.4,-0.27075830585848343,0.9,0.9243215825513569,19.3,19.652713669794572,1.448,1.4710740552878518,7886.0,90.0,5,False
2019,MIL,11.450000000000001,11.521739130434783,0.5516666666666666,0.5543568215892054,-1.5999999999999999,-1.5084707646176911,0.46666666666666673,0.45929535232383806,14.316666666666668,14.26272863568216,2.41,2.462905547226387,6670.0,31.0,6,True
2019,MIN,12.366666666666665,13.416661777647404,0.5199999999999999,0.5326474039307715,-0.7833333333333332,-0.21220299207978868,-0.9500000000000001,-0.9075242006453506,17.233333333333334,17.761982986212967,2.8616666666666664,3.091897917277794,6818.0,73.0,6,False
2019,NOP,10.4,10.130584503851383,0.5366666666666667,0.5377858329557469,-2.1999999999999997,-2.214816492976892,-0.9666666666666667,-0.9845642652167347,15.633333333333335,15.53656547349343,1.8883333333333334,1.9179323365050596,6621.0,93.0,6,False
2019,NYK,12.542857142857144,13.01759220598469,0.5257142857142857,0.5391760612386918,-1.8142857142857145,-1.8317188587334725,-0.27142857142857146,-0.1668615170494085,18.342857142857145,18.181753653444677,1.7314285714285713,1.5716256089074463,7185.0,104.0,7,False
2019,OKC,9.5,11.403239145416952,0.51,0.51,-2.5,-1.7862853204686424,-0.14999999999999997,-0.4771192281185389,18.2,21.768573397656787,1.53,1.7262715368711234,2902.0,16.0,2,True
2019,ORL,11.440000000000001,12.075627844260913,0.52,0.5293443451879319,-2.6,-1.8667284678914544,0.5000000000000001,0.33126580144951956,17.44,18.488673520984324,1.7600000000000002,1.747874599696612,5933.0,24.0,5,True
2019,PHI,11.5,11.710417242332136,0.5766666666666667,0.57530809615916,-1.2000000000000002,-1.261867919314728,-0.20000000000000004,-0.08626692456479698,14.766666666666666,14.79864603481625,2.1566666666666667,2.2372865432439903,3619.0,13.0,3,True
2019,PHO,13.4,13.246909983131422,0.542,0.5372887593927312,-1.6199999999999999,-1.736804171139396,-1.16,-1.160159484741604,20.86,21.36598681183867,1.496,1.4328569237846955,6521.0,61.0,5,False
2019,POR,12.16,12.272877358490566,0.5599999999999999,0.5588584905660378,-0.9400000000000001,-0.9781446540880503,-0.2,-0.11108490566037736,16.580000000000002,16.414858490566036,1.438,1.4631996855345912,6360.0,37.0,5,True
2019,SAC,13.950000000000001,14.399399717514124,0.5475000000000001,0.5458915960451978,-0.475,-0.3329978813559322,-0.75,-0.7921963276836158,18.925,19.898004943502826,2.3200000000000003,2.160127118644068,5664.0,27.0,4,False
2019,SAS,14.374999999999998,13.985561255280627,0.6,0.5954797827398914,0.575,0.49876282438141223,-0.275,-0.37521122510561256,16.375,16.73544055522028,2.1975,2.2218814121907062,6628.0,38.0,4,True
2019,TOR,15.14,13.880593086506405,0.5700000000000001,0.560177224074399,-0.1,-0.3802947885593964,0.56,0.42512721530093,19.080000000000002,18.213774346376557,1.888,2.123711177399544,5699.0,49.0,5,True
2019,UTA,10.875,10.890759312320915,0.5549999999999999,0.5584025787965616,-1.325,-1.209813753581662,0.65,0.849265759312321,17.525000000000002,16.860118194842407,1.7225,1.6499373209169055,5584.0,28.0,4,True
2019,WAS,11.799999999999999,11.753853006681515,0.5366666666666667,0.538347438752784,-1.8333333333333333,-1.87728285077951,-1.0333333333333334,-1.0323830734966593,17.5,17.674432071269486,1.8366666666666667,1.7935545657015588,2245.0,17.0,3,False
2022,ATL,15.219999999999999,15.123443277621657,0.5940000000000001,0.5888921757136518,0.3,0.520041413992013,0.22000000000000003,0.198861115219642,17.5,17.45534684218311,2.278,2.527296257950008,6761.0,66.0,5,True
2022,BOS,10.9,11.119728997289974,0.5766666666666667,0.5957046070460703,-1.5666666666666664,-1.4597289972899727,1.1333333333333333,1.1294579945799457,14.1,13.886693766937668,1.3066666666666666,1.32440108401084,3690.0,26.0,3,True
2022,BRK,13.514285714285716,13.425833905284831,0.5642857142857143,0.5616746739876458,-1.2571428571428573,-1.2962251201098147,-0.042857142857142864,-0.07445435827041864,16.528571428571432,16.670940288263555,1.75,1.7546712422786548,7285.0,110.0,7,True
2022,CHI,11.85,11.906909547738694,0.56,0.5571356783919599,-1.4500000000000002,-1.326507537688442,0.22499999999999992,0.006092964824120584,14.475000000000001,15.208144891122279,2.25,2.35320770519263,4776.0,50.0,4,True
2022,CHO,13.475,13.617432598039217,0.5825,0.5793259803921569,-0.7749999999999999,-0.5964307598039215,-0.2750000000000001,-0.29053308823529417,16.5,16.824433210784314,1.835,1.8628630514705884,6528.0,54.0,4,False
2022,CLE,14.55,15.087656494522692,0.5449999999999999,0.5525176056338028,-0.02499999999999991,0.5221830985915494,0.5249999999999999,0.4628325508607199,22.049999999999997,22.329655712050076,1.8075,1.802944053208138,5112.0,28.0,4,False
2022,DAL,11.866666666666667,11.817246920192822,0.5466666666666667,0.5444617032672737,-1.4666666666666668,-1.4224959828602037,0.9333333333333332,0.9222281735404392,16.400000000000002,16.367728976968397,1.9866666666666666,1.975211569362614,3734.0,44.0,3,True
2022,DEN,11.816666666666665,11.598853463169467,0.5683333333333334,0.5612203549552379,-1.5166666666666668,-1.665305481388409,-0.7333333333333333,-0.436956180304696,17.25,17.068635149992147,1.7416666666666665,1.8690843411339721,6367.0,36.0,6,True
2022,DET,13.540000000000001,13.470016552376448,0.534,0.5378245448096477,-1.2399999999999998,-1.1445495388980849,0.040000000000000015,-0.20009458500827615,20.2,20.504327264128637,1.7,1.5970442184913691,4229.0,14.0,5,False
2022,GSW,14.383333333333335,14.603704788402403,0.5783333333333334,0.5875501537560404,-0.7000000000000001,-0.6377654122126225,1.95,1.800336798945673,16.166666666666668,16.505813442670963,2.0716666666666668,1.9033401669351295,6829.0,48.0,6,True
2022,HOU,12.120000000000001,13.122486353231203,0.5539999999999999,0.5570822327874626,-1.56,-1.3779186476492342,-1.32,-0.9771086458883607,18.64,19.064659270998416,1.5879999999999999,1.5204331748547282,5679.0,27.0,5,False
2022,IND,13.399999999999999,13.0804418742586,0.55,0.547664590747331,-1.15,-1.0488137603795968,-1.525,-1.5917259786476867,19.1625,18.768223606168444,1.5749999999999997,1.558959074733096,6744.0,80.0,8,False
2022,LAC,15.320000000000002,14.782281328569537,0.604,0.6033994971549556,-0.040000000000000036,0.028384279475982502,0.66,0.505319571258436,17.28,16.789916633584756,2.1220000000000003,2.3225936218075955,7557.0,86.0,5,False
2022,LAL,13.300000000000002,13.417866234667903,0.5883333333333334,0.5841703309419115,-0.75,-0.654142559592687,-0.5333333333333333,-0.6031474195788012,16.75,17.532990048599864,1.6533333333333333,1.685727840777598,8642.0,114.0,6,False
2022,MEM,16.759999999999998,16.56512174875484,0.5720000000000001,0.5665343110127282,0.78,0.7113032650802436,1.3199999999999998,1.327102933038185,16.34,16.587340896513556,3.6360000000000006,3.656359988931931,7228.0,57.0,5,True
2022,MIA,14.040000000000001,14.049922720247293,0.592,0.5866112828438949,-0.2,0.0564786192684184,0.24000000000000005,0.08115662029881501,19.58,20.52032457496136,1.484,1.5482766615146832,7764.0,80.0,5,True
2022,MIL,10.1,10.540888715649972,0.5549999999999999,0.5618787760670435,-1.7750000000000001,-1.4830052621321381,-0.22500000000000003,-0.15961800818553887,13.95,14.041025141297993,2.0524999999999998,2.1265250438511014,5131.0,63.0,4,True
2022,MIN,13.719999999999999,13.148348726560315,0.57,0.564717324377274,-0.44000000000000006,-0.5831933949062412,-0.36,-0.4505037783375315,18.82,18.52858942065491,1.9140000000000001,1.9047089280716483,7146.0,64.0,5,True
2022,NOP,13.783333333333331,14.171979219038041,0.5183333333333334,0.5372750125691302,-1.2833333333333332,-0.9777777777777777,-0.15000000000000002,-0.21778112954583542,18.099999999999998,18.624886877828054,2.165,1.9005128205128206,5967.0,75.0,6,True
2022,NYK,13.899999999999999,14.39554995801847,0.58,0.5752728799328296,-0.575,-0.2791351805205709,0.5499999999999999,0.42451721242653234,17.025,18.24454240134341,1.735,1.8876154492023511,4764.0,23.0,4,False
2022,OKC,11.357142857142858,11.365095181439619,0.5085714285714286,0.5059161213563356,-2.8285714285714287,-2.799598453301606,-0.21428571428571427,-0.2217578822129684,17.857142857142858,18.471386079714453,2.0785714285714283,1.956279000594884,6724.0,75.0,7,False
2022,ORL,12.199999999999998,11.644399443108467,0.5433333333333333,0.535446146057461,-1.8333333333333333,-1.9637007973674214,-0.2333333333333333,-0.07116820655613215,18.916666666666668,18.48971016327047,1.6700000000000002,1.7423186938362232,7901.0,76.0,6,False
2022,PHI,12.319999999999999,11.739094775212637,0.542,0.5451215066828675,-1.4,-1.379070473876063,0.09999999999999991,-0.1268226002430134,16.52,16.425273390036452,2.026,2.032963244228432,6584.0,72.0,5,True
2022,PHO,15.45,15.146341463414634,0.5800000000000001,0.5810486024568274,0.15,0.2738650525191384,0.4,0.39205981840840304,20.425,20.042193341641447,1.9975,2.0570179811287166,5617.0,59.0,4,True
2022,POR,12.86,12.508768656716418,0.54,0.5426865671641791,-1.8,-1.7871268656716415,-0.52,-0.8376243781094527,16.860000000000003,17.058644278606963,1.964,1.8204705638474297,4824.0,59.0,5,False
2022,SAC,13.885714285714284,13.195606722244278,0.56,0.551566759296017,-1.3571428571428572,-1.258462352785497,-0.6285714285714284,-0.8013365091967711,20.0,20.04943760751621,1.2785714285714285,1.5422350138944023,7557.0,84.0,7,False
2022,SAS,12.083333333333334,12.324924595557995,0.54,0.5363517959967096,-1.4666666666666666,-1.3454208938853853,-0.6333333333333333,-0.5558952563751028,18.366666666666664,18.696942692624074,2.1666666666666665,2.3022127776254457,7294.0,80.0,6,False
2022,TOR,15.299999999999999,15.273352855051245,0.5349999999999999,0.5346412884333821,-0.75,-0.7628111273792094,-0.5,-0.5010248901903368,18.15,18.153587115666177,0.76,0.7616398243045388,3415.0,37.0,2,True
2022,UTA,15.2,15.23424858136555,0.5700000000000001,0.5636591616328025,-0.07499999999999998,0.04680578436756362,0.09999999999999998,-0.1268167673439502,19.1,20.51854292513271,1.6675,1.6474720849350173,5463.0,25.0,4,True
2022,WAS,14.16666666666667,13.692512690355327,0.5800000000000001,0.5769010152284264,-0.5500000000000002,-0.7153172588832489,-0.39999999999999997,-0.42232233502538075,18.166666666666668,17.608489847715735,1.9433333333333334,1.9632309644670054,7880.0,93.0,6,False
2023,ATL,15.399999999999999,15.749642707019754,0.6166666666666667,0.6220302648171501,0.26666666666666666,0.2602984447246743,-0.1333333333333333,-0.05819672131147538,17.6,17.41408154686843,1.6666666666666667,1.6188125262715427,4758.0,39.0,3,True
2023,BOS,13.733333333333334,13.622228785193933,0.6166666666666667,0.6144871037605828,0.36666666666666664,0.21740500098444573,0.5666666666666667,0.5894664303996849,16.866666666666667,16.837113605040365,2.14,2.1040913565662533,5079.0,31.0,3,True
2023,BRK,12.424999999999999,12.190268747290853,0.605,0.605875596012137,-0.725,-0.7377980060684872,-0.925,-0.8859341135674035,18.599999999999998,18.118443866493283,1.9,1.9592262678803638,4614.0,45.0,4,True
2023,CHI,12.4,12.21634968301635,0.5766666666666667,0.567057057057057,-1.4000000000000001,-1.3048715382048715,0.36666666666666664,0.09569569569569568,17.5,18.02535869202536,2.14,2.4470303636970305,2997.0,3.0,3,False
2023,CHO,12.328571428571427,12.827904022582924,0.5528571428571428,0.5579618913196894,-2.9571428571428577,-2.7513055751587863,0.04285714285714285,0.24359915314043754,17.02857142857143,16.942230063514465,1.584285714285714,1.6645095271700776,7085.0,76.0,7,False
2023,CLE,11.066666666666668,11.357413337045802,0.5333333333333333,0.5442628428233329,-1.7833333333333332,-1.519323402478073,0.8333333333333334,0.7391758318251427,16.333333333333332,16.766740916051788,2.2416666666666667,2.1683238201308646,7183.0,75.0,6,True
2023,DAL,13.5,14.530686950320895,0.6166666666666667,0.6206845733301639,-0.7333333333333333,-0.39645828381269327,-0.3,-0.34342762063227955,17.099999999999998,18.524269075350603,1.4733333333333334,1.374704064654148,4207.0,43.0,3,False
2023,DEN,12.76,12.587025847599866,0.598,0.5834390735146022,-1.56,-1.5094494796911715,-0.2,-0.05751930177912053,18.0,17.771433366901643,1.6,1.7930177912051026,5958.0,50.0,5,True
2023,DET,13.450000000000001,13.886360937963788,0.5916666666666667,0.5984372217275156,-0.6666666666666666,-0.6288512911843277,-0.3833333333333333,-0.37677352330068264,16.666666666666668,16.53753339269813,1.9633333333333336,1.8210032650638173,6738.0,75.0,6,False
2023,GSW,12.333333333333334,12.337885462555066,0.6,0.6011130690161527,-1.4666666666666668,-1.521116005873715,0.19999999999999998,0.17133627019089573,16.099999999999998,16.43812041116006,2.44,2.1709632892804698,3405.0,22.0,3,True
2023,HOU,10.9,11.900536033353186,0.5066666666666667,0.5069952352590829,-3.033333333333333,-2.609499702203693,-0.8666666666666666,-0.7598868374032163,17.833333333333332,18.137671232876713,1.4166666666666667,1.263448481238833,3358.0,19.0,3,False
2023,IND,13.750000000000002,13.978146353584297,0.5566666666666666,0.5615579575102496,-1.3833333333333335,-1.210808796123742,-0.9,-1.0692384147099017,19.53333333333333,20.285364641570386,1.4083333333333332,1.3833184246490244,8049.0,80.0,6,False
2023,LAC,13.299999999999999,13.44968273255029,0.5866666666666667,0.5945240988254353,-0.4833333333333334,-0.34116376400702036,0.38333333333333336,0.33414337788578374,18.400000000000002,17.88166599162954,1.8549999999999998,1.9420264614553802,7407.0,77.0,6,True
2023,LAL,14.325,14.597959183673469,0.5925,0.6020781004709576,-0.825,-0.5064364207221349,-0.05000000000000001,0.013108320251177391,19.125,19.638343799058084,1.63,1.7925019623233909,5096.0,36.0,4,True
2023,MEM,13.457142857142857,13.904486692015208,0.572857142857143,0.5735154807170016,-1.1142857142857143,-0.700869092884302,0.7857142857142857,0.8855839217816405,15.742857142857144,15.57340575774036,2.2414285714285715,2.6076414991852257,9205.0,110.0,7,True
2023,MIA,9.425,9.902242953552998,0.53,0.5372151647479159,-2.725,-2.189122667725288,-0.225,-0.3013497419610957,17.275,17.428582770940853,1.6425,1.8250595474394604,5038.0,47.0,4,True
2023,MIL,11.033333333333333,12.064022495190175,0.5616666666666666,0.5654447239899364,-1.75,-1.2994228207784517,0.5,0.46399289625573475,14.716666666666667,15.745093976616843,2.1599999999999997,2.0933742785259732,6757.0,64.0,6,True
2023,MIN,12.28,12.56906661718315,0.5680000000000001,0.5720319168676934,-1.6800000000000002,-1.6396548524772685,0.06000000000000001,-0.00957506030803489,17.86,18.84338467248098,2.354,2.1146687697160886,5389.0,27.0,5,True
2023,NOP,11.96,12.10893308080808,0.552,0.554542297979798,-1.5400000000000003,-1.5612373737373735,0.9800000000000001,0.920580808080808,15.220000000000002,15.549510732323235,2.786,2.615962752525252,6336.0,43.0,5,False
2023,NYK,14.475,14.880315500685871,0.6225,0.601457475994513,-0.22499999999999998,0.019067215363511705,0.325,0.4209190672153635,14.749999999999998,16.063888888888886,1.75,1.995545267489712,5832.0,50.0,4,True
2023,OKC,12.833333333333334,12.866480620155038,0.5633333333333334,0.5713906976744185,-0.9500000000000001,-0.80784496124031,-0.2333333333333333,-0.31517829457364344,16.15,16.29553488372093,2.185,2.2305953488372094,6450.0,60.0,6,False
2023,ORL,13.057142857142859,13.457599694228566,0.5700000000000001,0.5715352274175054,-1.1285714285714286,-1.0466811058733596,0.2857142857142857,0.36356223722767234,17.728571428571428,18.385246528220158,1.55,1.5523251369601223,7849.0,93.0,7,False
2023,PHI,11.8,11.816076648262422,0.59,0.5896427411497238,-0.7,-0.705358882754141,-0.95,-0.9491068528743098,17.75,17.76339720688535,2.05,2.061075024358558,3079.0,12.0,2,True
2023,PHO,11.459999999999999,11.550865488640461,0.542,0.5480382257482871,-1.28,-1.2405337179949514,0.12000000000000002,0.09473494410385866,17.979999999999997,17.82627118644068,2.0620000000000003,1.9331860800576994,5546.0,57.0,5,True
2023,POR,12.875,13.068230393044738,0.605,0.6076272414417678,-1.2999999999999998,-1.2596812171708025,-0.725,-0.7193624343416047,15.9,15.983915957254121,1.46,1.4367723238543741,5521.0,59.0,4,False
2023,SAC,13.4,13.560978925900747,0.5833333333333334,0.5825356900067981,-0.2666666666666666,-0.163698164513936,-0.9,-0.9308180376161341,19.333333333333332,19.787808746884206,1.9733333333333334,2.0221708588261955,4413.0,9.0,3,True
2023,SAS,11.142857142857142,11.525617792421745,0.5428571428571429,0.5484280615046677,-2.2285714285714286,-1.9556150466776498,-1.2571428571428573,-1.3273887973640857,18.442857142857147,18.990170236133995,1.7057142857142857,1.6647844590884129,7284.0,86.0,7,False
2023,TOR,16.6,16.80135185880586,0.5700000000000001,0.572876455125798,-0.35,-0.1989861058956065,-0.8,-0.8,18.7,18.59932407059707,0.81,0.8085617724371009,2663.0,12.0,2,False
2023,UTA,12.65,12.571920607122008,0.5575,0.5548647596808718,-0.775,-0.7732827398326523,-1.15,-1.1350457287410003,21.575,21.62060712200817,1.6825,1.683047285464098,5139.0,70.0,4,False
2023,WAS,13.675,14.07138389366693,0.5425,0.5454886630179828,-0.7999999999999999,-0.6486317435496481,0.55,0.9409695074276778,18.150000000000002,17.409304143862393,2.6275,2.876645817044566,3837.0,21.0,4,False
2024,ATL,13.924999999999999,14.276350364963502,0.63,0.6181532846715329,-1.0750000000000002,-0.37162408759124094,-0.3,-0.4858029197080292,15.95,17.370693430656935,1.7075,1.8701295620437959,5480.0,48.0,4,False
2024,BOS,16.03333333333333,15.39215212134535,0.6566666666666667,0.6417344471312376,1.3666666666666665,1.3265552868762365,0.5333333333333333,0.3087271927896241,14.4,15.018245768300725,3.676666666666667,3.6996284897779734,4549.0,25.0,3,True
2024,BRK,13.540000000000001,13.491187976116944,0.548,0.5469178505250155,-1.3599999999999999,-1.3680461190035,0.18,0.30776199299979407,17.999999999999996,18.0686431953881,2.202,2.2293823347745523,4857.0,12.0,5,False
2024,CHI,15.733333333333334,15.620771899392889,0.5833333333333334,0.587317866435386,-0.5333333333333333,-0.46283607979184743,-0.3666666666666667,-0.34646574154379883,17.0,17.332003469210754,1.54,1.661025585429315,4612.0,61.0,3,False
2024,CHO,9.9,10.7334977799704,0.495,0.5097878638381845,-3.65,-3.125703009373458,-1.15,-1.1365564874198324,16.75,17.94647261963493,2.28,2.062215096201283,2027.0,22.0,2,False
2024,CLE,12.533333333333333,12.49847673939893,0.5666666666666668,0.5602181967888019,-0.6,-0.898023878139152,-0.13333333333333333,-0.0043639357760395315,19.400000000000002,19.794750926307124,3.4433333333333334,3.0307184026348293,4858.0,21.0,3,True
2024,DAL,11.533333333333331,11.822113263054671,0.5833333333333334,0.5730791860750184,-1.1333333333333333,-0.9869330718313312,-0.4666666666666666,-0.9579308654081882,15.733333333333334,17.796911007599903,2.5033333333333334,2.387337582740868,4079.0,36.0,3,True
2024,DEN,11.866666666666665,11.863467741935484,0.5366666666666667,0.5360100806451613,-2.1666666666666665,-2.1266330645161293,-0.3,-0.3762298387096774,17.866666666666664,18.04798387096774,2.2600000000000002,2.304788306451613,4960.0,31.0,3,True
2024,DET,12.899999999999999,13.12777350755829,0.5825,0.5814911606456573,-1.4,-1.3476300281834483,-1.375,-1.283038688188573,19.075,19.251268255188315,1.6825,1.8029028952088135,3903.0,28.0,4,False
2024,GSW,15.328571428571431,15.143959808175381,0.5985714285714286,0.5892829413108015,-0.1285714285714286,-0.11504909796757253,0.9857142857142858,0.8796757250513816,15.742857142857144,15.774800182690113,2.518571428571429,2.7307398949531856,8758.0,116.0,7,False
2024,HOU,13.38,13.416255319148936,0.5700000000000001,0.5722093617021278,-1.24,-1.2678978723404255,0.48,0.553123404255319,17.9,17.53863829787234,1.634,1.6954621276595745,5875.0,41.0,5,False
2024,IND,17.775,17.337459864430965,0.6275000000000001,0.6263521227256511,1.675,1.491740991794506,-0.825,-0.8499643239386371,20.825,20.685283624687834,2.0875,2.072365322868355,5606.0,65.0,4,True
2024,LAC,13.649999999999999,13.637203474774473,0.585,0.5869846308052121,-0.8250000000000001,-0.6506849315068494,-0.175,-0.27647844971600405,18.275,18.725125292348814,1.7475,1.729346809221517,5986.0,30.0,4,True
2024,LAL,12.3,12.3,0.57,0.57,-2.6,-2.6000000000000005,-0.2,-0.2,17.6,17.6,1.0,1.0,872.0,1.0,1,True
2024,MEM,11.299999999999999,11.255061030068473,0.5228571428571429,0.5226719261685026,-2.4857142857142853,-2.465376600178624,0.04285714285714288,-0.05555224769276564,17.17142857142857,17.48896993152724,1.9342857142857144,1.7929830306638879,6718.0,102.0,7,False
2024,MIA,12.940000000000001,12.53832277609474,0.572,0.567906912696227,-0.96,-1.3645965298815754,0.5200000000000001,0.4698017075185899,17.36,17.24943541724043,2.218,2.1118273202974387,7262.0,80.0,5,True
2024,MIL,13.55,13.905971769815418,0.575,0.5754505971769815,-0.8,-0.7279044516829534,-0.4,-0.43604777415852336,16.9,17.440716612377848,2.34,2.2354614549402823,3684.0,7.0,2,True
2024,MIN,13.200000000000001,13.233509793541558,0.5633333333333334,0.5649197106052585,-0.7666666666666667,-0.7373742721016412,1.7,1.6709193576848422,17.46666666666667,17.582177518969473,2.403333333333333,2.3652549850008824,5667.0,44.0,3,True
2024,NOP,13.100000000000001,13.310066156440522,0.5733333333333334,0.5759527824620574,-0.6166666666666667,-0.4258010118043845,0.8333333333333334,0.8131664288493969,15.999999999999998,16.0387988065897,2.5516666666666663,2.6151666882864184,7709.0,50.0,6,True
2024,NYK,13.55,13.405379975874549,0.5725,0.5721688781664657,-0.375,-0.6203860072376357,0.275,0.32441495778045837,17.525,16.860844390832327,2.5375,2.609167671893848,4145.0,50.0,4,True
2024,OKC,13.666666666666666,13.476242840778925,0.6333333333333333,0.6306872852233677,0.20000000000000004,0.12781214203894622,0.3666666666666667,0.4008476517754868,15.299999999999999,15.10950744558992,2.2466666666666666,2.32293470790378,4365.0,18.0,3,True
2024,ORL,14.333333333333334,14.462173501150358,0.5833333333333334,0.5859953985654351,-0.9333333333333331,-0.8365949384219784,1.1,0.9901204493165516,17.716666666666665,18.411138178373257,1.7933333333333332,1.7770672621464338,7389.0,54.0,6,True
2024,PHI,12.449999999999998,13.47484747097028,0.56,0.5635189923243455,-1.133333333333333,-0.9258413698090927,-0.2833333333333334,-0.018500295217476873,16.883333333333333,16.795000984058255,2.096666666666667,2.085130879748081,5081.0,62.0,6,True
2024,PHO,12.16,12.063619437721096,0.5700000000000001,0.5782275181530441,-1.26,-1.3205734500093091,0.5599999999999999,0.37024762614038353,13.920000000000002,14.403109290634893,2.302,2.060096816235338,5371.0,57.0,5,True
2024,POR,11.216666666666667,11.56842105263158,0.5166666666666667,0.5247464866354367,-2.4,-2.2956186277211352,-0.08333333333333336,0.11826949572885094,17.083333333333332,16.53965279691375,1.6283333333333332,1.5862455221824197,7258.0,111.0,6,False
2024,SAC,12.3,12.861127422196125,0.5875,0.5824662360540224,-0.55,-0.2305343511450382,-0.14999999999999997,-0.3385789782736347,16.9,18.338637698179685,2.4525,2.4396770405167354,5109.0,25.0,4,False
2024,SAS,11.580000000000002,11.995510032271643,0.5740000000000001,0.5663055984285114,-1.6800000000000002,-1.6753613020906408,-1.16,-1.1440016837378981,18.880000000000003,19.703311351199662,2.01,1.9464557317244282,7127.0,88.0,5,False
2024,TOR,11.024999999999999,10.52943599493029,0.555,0.5546546261089987,-2.4750000000000005,-2.709600760456274,-1.2,-1.4776299112801015,18.075,17.76067807351077,1.6800000000000002,1.6461596958174904,3156.0,29.0,4,False
2024,UTA,12.985714285714284,13.499017290707798,0.5642857142857143,0.568953849981341,-1.2285714285714289,-1.0791640751337233,-0.31428571428571433,-0.31094663515362625,17.8,17.937703694489365,1.9685714285714286,1.9759895509391716,8039.0,113.0,7,False
2024,WAS,10.733333333333334,10.945896184560782,0.5733333333333334,0.579902395740905,-2.1666666666666665,-1.8960958296362025,-1.2666666666666666,-1.316614906832298,17.53333333333333,17.41681455190772,1.53,1.501441881100266,4508.0,42.0,3,False
2025,ATL,12.700000000000001,13.038723404255318,0.604,0.6163404255319148,-0.72,-0.3964302600472813,-0.27999999999999997,-0.33449172576832154,16.96,17.148628841607565,2.21,2.1523617021276595,4230.0,28.0,5,True
2025,BOS,16.666666666666668,16.696307751788133,0.6466666666666666,0.6431548424511888,1.9666666666666668,2.1816934080804176,0.6,0.505277401894452,14.9,15.600367291706942,3.5,3.482601971776532,5173.0,38.0,3,True
2025,BRK,12.459999999999999,11.751175902061856,0.544,0.5418492268041237,-1.8800000000000001,-2.005750644329897,-0.68,-0.8335051546391752,19.52,18.93634020618557,1.424,1.4967976804123713,6208.0,61.0,5,False
2025,CHI,14.466666666666667,14.263476923076924,0.5599999999999999,0.5639661538461538,-0.6666666666666666,-0.8444615384615385,0.19999999999999998,-0.0036307692307692516,18.533333333333335,18.711384615384617,1.8433333333333335,1.6678461538461538,3250.0,47.0,3,True
2025,CHO,9.925,10.085630841121496,0.5175000000000001,0.5214415887850468,-3.1125,-3.034544392523364,-0.95,-0.9677803738317757,16.575000000000003,16.45501168224299,1.60875,1.5726331775700935,8560.0,118.0,8,False
2025,CLE,13.66,13.91626744787179,0.602,0.6034654489057384,0.23999999999999994,0.38538686886093404,0.4600000000000001,0.48809236601757705,17.0,17.19539893158711,2.582,2.602405652248837,5803.0,33.0,5,True
2025,DAL,11.27142857142857,12.214654545454545,0.5585714285714286,0.5613357575757576,-1.7857142857142858,-1.3524,-0.5,-0.6011393939393939,16.900000000000002,17.938618181818182,2.0228571428571427,2.175700606060606,8250.0,109.0,7,True
2025,DEN,11.733333333333334,12.069758378799689,0.55,0.5477708495713172,-2.0333333333333337,-1.8805144193296963,-0.4333333333333333,-0.3622759158222915,18.5,18.987373343725647,1.7,1.7316212003117692,5132.0,58.0,3,True
2025,DET,12.450000000000001,12.839726688102894,0.5775,0.5808665594855306,-1.275,-0.7439871382636657,0.12500000000000006,-0.034453376205787735,17.2,17.943456591639872,1.4975,1.5421784565916399,6220.0,24.0,4,True
2025,GSW,13.875,13.826501684675264,0.56,0.5632438712675729,-0.9125,-0.854176832810503,0.7375,0.503532008830022,18.075000000000003,18.571546415708145,2.29375,2.1030277680957363,8607.0,109.0,8,True
2025,HOU,17.0,17.395861148197596,0.56,0.5626390743213173,0.85,0.8895861148197597,1.1,1.4958611481975967,21.65,21.056208277703604,1.235,1.2679884290164665,2247.0,19.0,2,True
2025,IND,14.86,14.960163908082917,0.5900000000000001,0.5901237345331833,-0.14000000000000004,-0.07150891852804117,0.26,0.2764100915956934,17.9,18.20093202635385,2.51,2.5417547806524183,6223.0,27.0,5,True
2025,LAC,11.620000000000001,11.410344827586206,0.572,0.5833369823024995,-1.6600000000000001,-1.6139755519065866,0.76,0.7218755701514323,16.560000000000002,15.71629264732713,2.2439999999999998,2.2116383871556287,5481.0,39.0,5,True
2025,LAL,9.98,9.889539594843463,0.554,0.5631086556169429,-2.44,-2.1845856353591158,0.24000000000000005,-0.1603867403314916,12.959999999999999,13.802523020257826,1.7240000000000002,1.7888913443830572,5430.0,57.0,5,True
2025,MEM,15.460000000000003,15.562364363221015,0.608,0.6060222729868646,0.6399999999999999,0.7536264991433468,1.0,0.9886350656767561,16.419999999999998,16.73929183323815,2.354,2.4285265562535696,7004.0,66.0,5,True
2025,MIA,12.850000000000001,12.680000000000001,0.5625,0.5525768087215065,-1.075,-1.3028344895936572,0.09999999999999998,-0.0042616451932606545,18.85,19.19744301288404,1.955,1.9716769078295342,5045.0,64.0,4,True
2025,MIL,14.7,13.257193177604744,0.5925,0.591021505376344,-0.35,-0.7058398220244715,-2.7755575615628914e-17,-0.22261772339636637,19.65,18.184000741564702,2.2325,2.2698628105302188,5394.0,25.0,4,True
2025,MIN,13.833333333333334,13.854635142030956,0.58,0.58,0.26666666666666666,0.23582241877870389,0.7666666666666666,0.7409083177411124,18.966666666666665,18.98697057322674,2.0466666666666664,2.02172988603504,5879.0,37.0,3,True
2025,NOP,12.35,12.241680069281207,0.55875,0.5517901769145119,-1.8875000000000002,-1.7893356427069156,-0.9375,-1.0376592849189659,16.549999999999997,16.89727823827787,1.7375000000000003,1.779633799331931,8083.0,91.0,8,False
2025,NYK,12.425,12.658114842903576,0.5475,0.541557963163597,-1.125,-1.0078006500541712,-0.049999999999999975,0.04247020585048755,16.825,16.932827735644636,2.8325,3.135252437703142,4615.0,25.0,4,True
2025,OKC,14.683333333333335,14.867618081715444,0.5933333333333333,0.5964821790785279,0.2333333333333333,0.5574616053317878,1.3499999999999999,1.046595189800058,16.48333333333333,17.004607360185453,2.8433333333333337,2.7856592292089255,6902.0,62.0,6,True
2025,ORL,16.175,14.677109947643979,0.5525,0.5356565445026178,-0.6,-1.3758115183246074,1.3250000000000002,1.2830575916230367,21.8,20.966450261780107,1.43,1.5551706806282724,4775.0,34.0,4,True
2025,PHI,12.959999999999999,12.891553652153224,0.578,0.5751415655484178,-1.56,-1.7010230787532716,-0.3799999999999999,-0.6258386866523912,15.540000000000001,16.079514632405424,2.798,2.501484653818701,4203.0,51.0,5,False
2025,PHO,13.05,13.122336709745023,0.615,0.6125794621026895,-0.875,-0.6168878798463151,0.05000000000000002,-0.019944114565141467,13.600000000000001,14.086692280824309,2.11,2.1305064617534053,5726.0,56.0,4,False
2025,POR,11.5,11.712043888747129,0.5033333333333333,0.5099923449859658,-1.7,-1.6225057412605257,-0.3,-0.3896912477672876,20.166666666666668,20.675044654248534,1.8033333333333335,1.8201862720081654,3919.0,23.0,3,False
2025,SAC,14.375000000000002,13.475870804306524,0.5825,0.5952522693687988,-0.5499999999999999,-0.5230103440996411,0.55,0.79413130673422,16.275,14.946168461051295,1.8399999999999999,1.8205763141228626,4737.0,57.0,4,True
2025,SAS,14.566666666666665,14.400233735878459,0.58,0.5790767432800934,-0.3666666666666667,-0.3254382547721075,-0.9666666666666667,-1.0177639267627583,19.266666666666666,19.25344760420725,1.5533333333333335,1.5583794312426957,5134.0,52.0,3,False
2025,TOR,12.483333333333333,12.081816777382976,0.5416666666666666,0.5360790977908233,-1.55,-1.7714197435501313,-0.48333333333333334,-0.4517843349297081,17.816666666666666,17.631639116329367,1.79,1.8880271898655956,6473.0,65.0,6,False
2025,UTA,11.5625,11.739980673994443,0.55625,0.5574972822804687,-1.475,-1.3276845029592947,-1.05,-1.1264403913516126,17.9375,18.443157386157747,1.3825,1.3804130933687644,8279.0,117.0,8,False
2025,WAS,17.133333333333336,15.532221865982686,0.6266666666666666,0.6068483488297531,0.20000000000000004,-0.2614940686117344,-0.9,-1.2875601154216094,18.666666666666668,19.006155819172815,1.64,1.6000833600512985,3119.0,19.0,3,False
